{
	"format_version": "1.21.6",
	"credit": "Made with Blockbench",
	"texture_size": [8, 8],
	"textures": {
		"0": "GODFACE11:item/anvil",
		"1": "GODFACE11:item/blue_glazed_terracotta",
		"2": "GODFACE11:item/cherry_log",
		"particle": "GODFACE11:item/anvil"
	},
	"elements": [
		{
			"from": [7, 1, 7],
			"to": [9, 20, 9],
			"rotation": {"angle": 0, "axis": "y", "origin": [7, 0, 7]},
			"faces": {
				"north": {"uv": [3, 1.25, 9.5, 14.25], "texture": "#2"},
				"east": {"uv": [3.5, 0.25, 10, 12.25], "texture": "#2"},
				"south": {"uv": [4, 1.25, 10.5, 13.25], "texture": "#2"},
				"west": {"uv": [0, 4.25, 6.5, 16], "texture": "#2"},
				"up": {"uv": [16, 16, 6.25, 3.75], "texture": "#2"},
				"down": {"uv": [15, 6.5, 4.5, 16], "texture": "#2"}
			}
		},
		{
			"from": [7, 0, 7],
			"to": [9, 1, 9],
			"rotation": {"angle": 0, "axis": "y", "origin": [7, -1, 7]},
			"faces": {
				"north": {"uv": [4, 0, 14, 10], "texture": "#2"},
				"east": {"uv": [4, 1, 14, 10], "texture": "#2"},
				"south": {"uv": [4, 4, 14, 13], "texture": "#2"},
				"west": {"uv": [4, 6, 14, 15], "texture": "#2"},
				"up": {"uv": [15, 16, 0, 0], "texture": "#2"},
				"down": {"uv": [14, 4, 0, 16], "texture": "#2"}
			}
		},
		{
			"from": [5, 14, 2],
			"to": [11, 19, 14],
			"rotation": {"angle": 0, "axis": "y", "origin": [7, 14, 7]},
			"faces": {
				"north": {"uv": [0.5, 4.25, 8, 11.5], "texture": "#1"},
				"east": {"uv": [2, 3.75, 13, 14], "texture": "#1"},
				"south": {"uv": [4.5, 1.25, 12, 9.5], "texture": "#1"},
				"west": {"uv": [3, 0, 10, 6.25], "texture": "#1"},
				"up": {"uv": [12.5, 12, 0, 0], "texture": "#1"},
				"down": {"uv": [15, 0, 1.5, 15], "texture": "#1"}
			}
		},
		{
			"from": [5, 19, 2],
			"to": [11, 20, 3],
			"rotation": {"angle": 0, "axis": "y", "origin": [7, 19, 7]},
			"faces": {
				"north": {"uv": [8.67742, 0, 14.72581, 0.5], "texture": "#0"},
				"east": {"uv": [4.8629, 7.23077, 15.40323, 11.82692], "texture": "#0"},
				"south": {"uv": [5, 0, 12.5, 6.25], "texture": "#0"},
				"west": {"uv": [7.5, 4.5, 9.75, 6.75], "texture": "#0"},
				"up": {"uv": [15.5, 9.75, 1, 0], "texture": "#0"},
				"down": {"uv": [16, 0, 4, 15], "texture": "#0"}
			}
		},
		{
			"from": [5, 19, 13],
			"to": [11, 20, 14],
			"rotation": {"angle": 0, "axis": "y", "origin": [7, 19, 18]},
			"faces": {
				"north": {"uv": [8.67742, 0, 14.72581, 2.5], "texture": "#0"},
				"east": {"uv": [15.12903, 4.25, 16, 8.84615], "texture": "#0"},
				"south": {"uv": [5, 1, 12.5, 7.25], "texture": "#0"},
				"west": {"uv": [7.5, 5, 9.75, 7.25], "texture": "#0"},
				"up": {"uv": [15.5, 10.75, 1, 0], "texture": "#0"},
				"down": {"uv": [16, 0, 4, 16], "texture": "#0"}
			}
		},
		{
			"from": [5, 18.5, 12],
			"to": [11, 19.5, 13],
			"rotation": {"angle": 0, "axis": "y", "origin": [7, 19, 17]},
			"faces": {
				"north": {"uv": [8.67742, 2, 14.72581, 4.5], "texture": "#0"},
				"east": {"uv": [15.12903, 5.44231, 16, 10.03846], "texture": "#0"},
				"south": {"uv": [5, 2, 12.5, 8.25], "texture": "#0"},
				"west": {"uv": [7.5, 5.5, 9.75, 7.75], "texture": "#0"},
				"up": {"uv": [15.5, 13.75, 1, 0], "texture": "#0"},
				"down": {"uv": [16, 2.75, 4, 16], "texture": "#0"}
			}
		},
		{
			"from": [4.5, 13.5, 12],
			"to": [11.5, 14.5, 13],
			"rotation": {"angle": 0, "axis": "y", "origin": [7, 14, 17]},
			"faces": {
				"north": {"uv": [5.62903, 3, 12.18548, 5.5], "texture": "#0"},
				"east": {"uv": [15.12903, 6.63462, 16, 11.23077], "texture": "#0"},
				"south": {"uv": [3.5, 2.5, 11.25, 8.75], "texture": "#0"},
				"west": {"uv": [7.5, 6, 9.75, 8.25], "texture": "#0"},
				"up": {"uv": [14.25, 12.25, 0, 0], "texture": "#0"},
				"down": {"uv": [16, 1.25, 2.5, 16], "texture": "#0"}
			}
		},
		{
			"from": [6.5, 13.5, 6],
			"to": [9.5, 14.5, 7],
			"rotation": {"angle": 0, "axis": "y", "origin": [7, 14, 11]},
			"faces": {
				"north": {"uv": [0.54839, 10, 5.07258, 12.5], "texture": "#0"},
				"east": {"uv": [12.96774, 10.80769, 16, 15.40385], "texture": "#0"},
				"south": {"uv": [5.25, 4, 12, 10.25], "texture": "#0"},
				"west": {"uv": [6.75, 7.5, 9, 9.75], "texture": "#0"},
				"up": {"uv": [15.25, 15.5, 1.5, 1.25], "texture": "#0"},
				"down": {"uv": [16, 4.5, 4.5, 16], "texture": "#0"}
			}
		},
		{
			"from": [6.5, 0.5, 6],
			"to": [9.5, 1.5, 7],
			"rotation": {"angle": 0, "axis": "y", "origin": [7, 1, 11]},
			"faces": {
				"north": {"uv": [0.54839, 10, 5.07258, 12.5], "texture": "#0"},
				"east": {"uv": [12.96774, 10.80769, 16, 15.40385], "texture": "#0"},
				"south": {"uv": [5.25, 4, 12, 10.25], "texture": "#0"},
				"west": {"uv": [6.75, 7.5, 9, 9.75], "texture": "#0"},
				"up": {"uv": [15.25, 15.5, 1.5, 1.25], "texture": "#0"},
				"down": {"uv": [16, 4.5, 4.5, 16], "texture": "#0"}
			}
		},
		{
			"from": [9, 13.5, 6.5],
			"to": [10, 14.5, 9.5],
			"rotation": {"angle": 0, "axis": "y", "origin": [14, 14, 9]},
			"faces": {
				"north": {"uv": [10.70968, 13, 14.21774, 15.5], "texture": "#0"},
				"east": {"uv": [13.50806, 1.86538, 16, 6.46154], "texture": "#0"},
				"south": {"uv": [6.25, 7.25, 12.5, 13.5], "texture": "#0"},
				"west": {"uv": [6.75, 4, 9.5, 6.25], "texture": "#0"},
				"up": {"uv": [14.75, 16, 1.5, 1.75], "texture": "#0"},
				"down": {"uv": [16, 4.75, 4.75, 16], "texture": "#0"}
			}
		},
		{
			"from": [6.5, 18.5, 6],
			"to": [9.5, 19.5, 7],
			"rotation": {"angle": 0, "axis": "y", "origin": [7, 19, 11]},
			"faces": {
				"north": {"uv": [10.70968, 6.5, 15.23387, 9], "texture": "#0"},
				"east": {"uv": [15.12903, 10.80769, 16, 15.40385], "texture": "#0"},
				"south": {"uv": [6, 6.5, 12.75, 12.75], "texture": "#0"},
				"west": {"uv": [0.5, 7.75, 2.75, 10], "texture": "#0"},
				"up": {"uv": [15.75, 16, 2, 2], "texture": "#0"},
				"down": {"uv": [15.25, 5.25, 0, 16], "texture": "#0"}
			}
		},
		{
			"from": [6, 18.5, 6.5],
			"to": [7, 19.5, 9.5],
			"rotation": {"angle": 0, "axis": "y", "origin": [11, 19, 9]},
			"faces": {
				"north": {"uv": [0, 13.5, 1.51613, 16], "texture": "#0"},
				"east": {"uv": [1.62097, 10.21154, 13.24194, 14.80769], "texture": "#0"},
				"south": {"uv": [6.75, 0.5, 13, 6.75], "texture": "#0"},
				"west": {"uv": [7.25, 6.25, 10, 8.5], "texture": "#0"},
				"up": {"uv": [12.75, 16, 0, 2], "texture": "#0"},
				"down": {"uv": [16, 5, 2.75, 16], "texture": "#0"}
			}
		},
		{
			"from": [6.5, 18.5, 9],
			"to": [9.5, 19.5, 10],
			"rotation": {"angle": 0, "axis": "y", "origin": [7, 19, 14]},
			"faces": {
				"north": {"uv": [11.21774, 11, 15.74194, 13.5], "texture": "#0"},
				"east": {"uv": [1.08065, 11.40385, 11.62097, 16], "texture": "#0"},
				"south": {"uv": [6, 7, 12.75, 13.25], "texture": "#0"},
				"west": {"uv": [7.75, 1, 10, 3.25], "texture": "#0"},
				"up": {"uv": [16, 9.25, 2.5, 0], "texture": "#0"},
				"down": {"uv": [16, 0, 5.5, 14.5], "texture": "#0"}
			}
		},
		{
			"from": [9, 18.5, 6.5],
			"to": [10, 19.5, 9.5],
			"rotation": {"angle": 0, "axis": "y", "origin": [14, 19, 9]},
			"faces": {
				"north": {"uv": [12.23387, 0.5, 15.74194, 3], "texture": "#0"},
				"east": {"uv": [0, 10.80769, 11.62097, 15.40385], "texture": "#0"},
				"south": {"uv": [6.75, 2.25, 13, 8.5], "texture": "#0"},
				"west": {"uv": [7.5, 0.5, 10.25, 2.75], "texture": "#0"},
				"up": {"uv": [15.75, 10.5, 2.5, 0], "texture": "#0"},
				"down": {"uv": [15.5, 5.5, 0, 16], "texture": "#0"}
			}
		},
		{
			"from": [9, 0.5, 6.5],
			"to": [10, 1.5, 9.5],
			"rotation": {"angle": 0, "axis": "y", "origin": [14, 1, 9]},
			"faces": {
				"north": {"uv": [12.23387, 0.5, 15.74194, 3], "texture": "#0"},
				"east": {"uv": [0, 10.80769, 11.62097, 15.40385], "texture": "#0"},
				"south": {"uv": [6.75, 2.25, 13, 8.5], "texture": "#0"},
				"west": {"uv": [7.5, 0.5, 10.25, 2.75], "texture": "#0"},
				"up": {"uv": [15.75, 10.5, 2.5, 0], "texture": "#0"},
				"down": {"uv": [15.5, 5.5, 0, 16], "texture": "#0"}
			}
		},
		{
			"from": [6, 13.5, 6.5],
			"to": [7, 14.5, 9.5],
			"rotation": {"angle": 0, "axis": "y", "origin": [11, 14, 9]},
			"faces": {
				"north": {"uv": [12.23387, 3.5, 15.74194, 6], "texture": "#0"},
				"east": {"uv": [15.12903, 0, 16, 1.09615], "texture": "#0"},
				"south": {"uv": [6.75, 2.75, 13, 9], "texture": "#0"},
				"west": {"uv": [7.5, 1.75, 10.25, 4], "texture": "#0"},
				"up": {"uv": [9.75, 16, 0, 2.5], "texture": "#0"},
				"down": {"uv": [16, 5.5, 0, 16], "texture": "#0"}
			}
		},
		{
			"from": [6, 0.5, 6.5],
			"to": [7, 1.5, 9.5],
			"rotation": {"angle": 0, "axis": "y", "origin": [11, 1, 9]},
			"faces": {
				"north": {"uv": [12.23387, 3.5, 15.74194, 6], "texture": "#0"},
				"east": {"uv": [15.12903, 0, 16, 1.09615], "texture": "#0"},
				"south": {"uv": [6.75, 2.75, 13, 9], "texture": "#0"},
				"west": {"uv": [7.5, 1.75, 10.25, 4], "texture": "#0"},
				"up": {"uv": [9.75, 16, 0, 2.5], "texture": "#0"},
				"down": {"uv": [16, 5.5, 0, 16], "texture": "#0"}
			}
		},
		{
			"from": [6.5, 13.5, 9],
			"to": [9.5, 14.5, 10],
			"rotation": {"angle": 0, "axis": "y", "origin": [7, 14, 14]},
			"faces": {
				"north": {"uv": [11.72581, 2, 16.25, 4.5], "texture": "#0"},
				"east": {"uv": [15.66935, 0.67308, 16, 5.26923], "texture": "#0"},
				"south": {"uv": [6.5, 2, 13.25, 8.25], "texture": "#0"},
				"west": {"uv": [7.75, 3.5, 10, 5.75], "texture": "#0"},
				"up": {"uv": [16, 13, 2.5, 0], "texture": "#0"},
				"down": {"uv": [16, 2, 5.5, 16], "texture": "#0"}
			}
		},
		{
			"from": [6.5, 0.5, 9],
			"to": [9.5, 1.5, 10],
			"rotation": {"angle": 0, "axis": "y", "origin": [7, 1, 14]},
			"faces": {
				"north": {"uv": [11.72581, 2, 16.25, 4.5], "texture": "#0"},
				"east": {"uv": [15.66935, 0.67308, 16, 5.26923], "texture": "#0"},
				"south": {"uv": [6.5, 2, 13.25, 8.25], "texture": "#0"},
				"west": {"uv": [7.75, 3.5, 10, 5.75], "texture": "#0"},
				"up": {"uv": [16, 13, 2.5, 0], "texture": "#0"},
				"down": {"uv": [16, 2, 5.5, 16], "texture": "#0"}
			}
		},
		{
			"from": [4.5, 13.5, 3],
			"to": [11.5, 14.5, 4],
			"rotation": {"angle": 0, "axis": "y", "origin": [7, 14, 8]},
			"faces": {
				"north": {"uv": [5.62903, 5, 12.18548, 7.5], "texture": "#0"},
				"east": {"uv": [15.66935, 3.05769, 16, 7.65385], "texture": "#0"},
				"south": {"uv": [3.5, 3.5, 11.25, 9.75], "texture": "#0"},
				"west": {"uv": [4.5, 7.75, 6.75, 10], "texture": "#0"},
				"up": {"uv": [14.25, 13.25, 0, 0], "texture": "#0"},
				"down": {"uv": [16, 2.25, 2.5, 16], "texture": "#0"}
			}
		},
		{
			"from": [5, 18.5, 3],
			"to": [11, 19.5, 4],
			"rotation": {"angle": 0, "axis": "y", "origin": [7, 19, 8]},
			"faces": {
				"north": {"uv": [8.67742, 8, 14.72581, 10.5], "texture": "#0"},
				"east": {"uv": [15.66935, 3.65385, 16, 8.25], "texture": "#0"},
				"south": {"uv": [5, 5, 12.5, 11.25], "texture": "#0"},
				"west": {"uv": [4.75, 7.75, 7, 10], "texture": "#0"},
				"up": {"uv": [15.5, 14.75, 1, 0.5], "texture": "#0"},
				"down": {"uv": [16, 3.75, 4, 16], "texture": "#0"}
			}
		},
		{
			"from": [5, 13, 13],
			"to": [11, 14, 14],
			"rotation": {"angle": 0, "axis": "y", "origin": [7, 13, 18]},
			"faces": {
				"north": {"uv": [8.67742, 10, 14.72581, 12.5], "texture": "#0"},
				"east": {"uv": [15.66935, 4.25, 16, 8.84615], "texture": "#0"},
				"south": {"uv": [1, 6, 8.5, 12.25], "texture": "#0"},
				"west": {"uv": [5, 7.75, 7.25, 10], "texture": "#0"},
				"up": {"uv": [15.75, 11.75, 1.25, 0], "texture": "#0"},
				"down": {"uv": [16, 0.75, 4.25, 16], "texture": "#0"}
			}
		},
		{
			"from": [5, 13, 2],
			"to": [11, 14, 3],
			"rotation": {"angle": 0, "axis": "y", "origin": [7, 13, 7]},
			"faces": {
				"north": {"uv": [9.18548, 4, 15.23387, 6.5], "texture": "#0"},
				"east": {"uv": [15.66935, 4.84615, 16, 9.44231], "texture": "#0"},
				"south": {"uv": [5.25, 3, 12.75, 9.25], "texture": "#0"},
				"west": {"uv": [5.25, 7.75, 7.5, 10], "texture": "#0"},
				"up": {"uv": [13, 15.5, 0, 1.25], "texture": "#0"},
				"down": {"uv": [16, 1.5, 4.25, 16], "texture": "#0"}
			}
		},
		{
			"from": [4, 13, 13],
			"to": [5, 20, 14],
			"rotation": {"angle": 0, "axis": "y", "origin": [1, 19, 18]},
			"faces": {
				"north": {"uv": [0.54839, 6.5, 4.05645, 12], "texture": "#0"},
				"east": {"uv": [3.78226, 3.05769, 14.32258, 11.23077], "texture": "#0"},
				"south": {"uv": [1.5, 4, 7.75, 11.75], "texture": "#0"},
				"west": {"uv": [2.75, 4.25, 5, 8], "texture": "#0"},
				"up": {"uv": [16, 14.5, 2.75, 0.25], "texture": "#0"},
				"down": {"uv": [16, 5.75, 3.5, 16], "texture": "#0"}
			}
		},
		{
			"from": [4.5, 15, 4],
			"to": [5.5, 18, 12],
			"rotation": {"angle": 0, "axis": "y", "origin": [1, 21, 9]},
			"faces": {
				"north": {"uv": [0.54839, 6.5, 4.05645, 12], "texture": "#0"},
				"east": {"uv": [3.78226, 3.05769, 14.32258, 11.23077], "texture": "#0"},
				"south": {"uv": [1.5, 4, 7.75, 11.75], "texture": "#0"},
				"west": {"uv": [2.75, 4.25, 5, 8], "texture": "#0"},
				"up": {"uv": [16, 14.5, 2.75, 0.25], "texture": "#0"},
				"down": {"uv": [16, 5.75, 3.5, 16], "texture": "#0"}
			}
		},
		{
			"from": [6, 17, 13.2],
			"to": [7, 18, 14.2],
			"rotation": {"angle": 0, "axis": "y", "origin": [3, 21, 19]},
			"faces": {
				"north": {"uv": [0.54839, 6.5, 4.05645, 12], "texture": "#0"},
				"east": {"uv": [3.78226, 3.05769, 14.32258, 11.23077], "texture": "#0"},
				"south": {"uv": [1.5, 4, 7.75, 11.75], "texture": "#0"},
				"west": {"uv": [2.75, 4.25, 5, 8], "texture": "#0"},
				"up": {"uv": [16, 14.5, 2.75, 0.25], "texture": "#0"},
				"down": {"uv": [16, 5.75, 3.5, 16], "texture": "#0"}
			}
		},
		{
			"from": [9, 17, 13.2],
			"to": [10, 18, 14.2],
			"rotation": {"angle": 0, "axis": "y", "origin": [6, 21, 19]},
			"faces": {
				"north": {"uv": [0.54839, 6.5, 4.05645, 12], "texture": "#0"},
				"east": {"uv": [3.78226, 3.05769, 14.32258, 11.23077], "texture": "#0"},
				"south": {"uv": [1.5, 4, 7.75, 11.75], "texture": "#0"},
				"west": {"uv": [2.75, 4.25, 5, 8], "texture": "#0"},
				"up": {"uv": [16, 14.5, 2.75, 0.25], "texture": "#0"},
				"down": {"uv": [16, 5.75, 3.5, 16], "texture": "#0"}
			}
		},
		{
			"from": [9, 16, 13.2],
			"to": [10, 17, 14.2],
			"rotation": {"angle": 0, "axis": "y", "origin": [6, 20, 19]},
			"faces": {
				"north": {"uv": [0.54839, 6.5, 4.05645, 12], "texture": "#0"},
				"east": {"uv": [3.78226, 3.05769, 14.32258, 11.23077], "texture": "#0"},
				"south": {"uv": [1.5, 4, 7.75, 11.75], "texture": "#0"},
				"west": {"uv": [2.75, 4.25, 5, 8], "texture": "#0"},
				"up": {"uv": [16, 14.5, 2.75, 0.25], "texture": "#0"},
				"down": {"uv": [16, 5.75, 3.5, 16], "texture": "#0"}
			}
		},
		{
			"from": [6, 16, 13.2],
			"to": [7, 17, 14.2],
			"rotation": {"angle": 0, "axis": "y", "origin": [3, 20, 19]},
			"faces": {
				"north": {"uv": [0.54839, 6.5, 4.05645, 12], "texture": "#0"},
				"east": {"uv": [3.78226, 3.05769, 14.32258, 11.23077], "texture": "#0"},
				"south": {"uv": [1.5, 4, 7.75, 11.75], "texture": "#0"},
				"west": {"uv": [2.75, 4.25, 5, 8], "texture": "#0"},
				"up": {"uv": [16, 14.5, 2.75, 0.25], "texture": "#0"},
				"down": {"uv": [16, 5.75, 3.5, 16], "texture": "#0"}
			}
		},
		{
			"from": [7, 18, 13.2],
			"to": [8, 19, 14.2],
			"rotation": {"angle": 0, "axis": "y", "origin": [4, 22, 19]},
			"faces": {
				"north": {"uv": [0.54839, 6.5, 4.05645, 12], "texture": "#0"},
				"east": {"uv": [3.78226, 3.05769, 14.32258, 11.23077], "texture": "#0"},
				"south": {"uv": [1.5, 4, 7.75, 11.75], "texture": "#0"},
				"west": {"uv": [2.75, 4.25, 5, 8], "texture": "#0"},
				"up": {"uv": [16, 14.5, 2.75, 0.25], "texture": "#0"},
				"down": {"uv": [16, 5.75, 3.5, 16], "texture": "#0"}
			}
		},
		{
			"from": [7, 15, 13.2],
			"to": [8, 16, 14.2],
			"rotation": {"angle": 0, "axis": "y", "origin": [4, 19, 19]},
			"faces": {
				"north": {"uv": [0.54839, 6.5, 4.05645, 12], "texture": "#0"},
				"east": {"uv": [3.78226, 3.05769, 14.32258, 11.23077], "texture": "#0"},
				"south": {"uv": [1.5, 4, 7.75, 11.75], "texture": "#0"},
				"west": {"uv": [2.75, 4.25, 5, 8], "texture": "#0"},
				"up": {"uv": [16, 14.5, 2.75, 0.25], "texture": "#0"},
				"down": {"uv": [16, 5.75, 3.5, 16], "texture": "#0"}
			}
		},
		{
			"from": [5, 15, 13.2],
			"to": [6, 16, 14.2],
			"rotation": {"angle": 0, "axis": "y", "origin": [2, 19, 19]},
			"faces": {
				"north": {"uv": [0.54839, 6.5, 4.05645, 12], "texture": "#0"},
				"east": {"uv": [3.78226, 3.05769, 14.32258, 11.23077], "texture": "#0"},
				"south": {"uv": [1.5, 4, 7.75, 11.75], "texture": "#0"},
				"west": {"uv": [2.75, 4.25, 5, 8], "texture": "#0"},
				"up": {"uv": [16, 14.5, 2.75, 0.25], "texture": "#0"},
				"down": {"uv": [16, 5.75, 3.5, 16], "texture": "#0"}
			}
		},
		{
			"from": [8, 14, 13.2],
			"to": [9, 15, 14.2],
			"rotation": {"angle": 0, "axis": "y", "origin": [5, 18, 19]},
			"faces": {
				"north": {"uv": [0.54839, 6.5, 4.05645, 12], "texture": "#0"},
				"east": {"uv": [3.78226, 3.05769, 14.32258, 11.23077], "texture": "#0"},
				"south": {"uv": [1.5, 4, 7.75, 11.75], "texture": "#0"},
				"west": {"uv": [2.75, 4.25, 5, 8], "texture": "#0"},
				"up": {"uv": [16, 14.5, 2.75, 0.25], "texture": "#0"},
				"down": {"uv": [16, 5.75, 3.5, 16], "texture": "#0"}
			}
		},
		{
			"from": [8, 15, 1.8],
			"to": [9, 16, 2.8],
			"rotation": {"angle": 0, "axis": "y", "origin": [5, 19, 7]},
			"faces": {
				"north": {"uv": [0.54839, 6.5, 4.05645, 12], "texture": "#0"},
				"east": {"uv": [3.78226, 3.05769, 14.32258, 11.23077], "texture": "#0"},
				"south": {"uv": [1.5, 4, 7.75, 11.75], "texture": "#0"},
				"west": {"uv": [2.75, 4.25, 5, 8], "texture": "#0"},
				"up": {"uv": [16, 14.5, 2.75, 0.25], "texture": "#0"},
				"down": {"uv": [16, 5.75, 3.5, 16], "texture": "#0"}
			}
		},
		{
			"from": [8, 17, 1.8],
			"to": [9, 18, 2.8],
			"rotation": {"angle": 0, "axis": "y", "origin": [5, 21, 7]},
			"faces": {
				"north": {"uv": [0.54839, 6.5, 4.05645, 12], "texture": "#0"},
				"east": {"uv": [3.78226, 3.05769, 14.32258, 11.23077], "texture": "#0"},
				"south": {"uv": [1.5, 4, 7.75, 11.75], "texture": "#0"},
				"west": {"uv": [2.75, 4.25, 5, 8], "texture": "#0"},
				"up": {"uv": [16, 14.5, 2.75, 0.25], "texture": "#0"},
				"down": {"uv": [16, 5.75, 3.5, 16], "texture": "#0"}
			}
		},
		{
			"from": [7, 14, 1.8],
			"to": [8, 15, 2.8],
			"rotation": {"angle": 0, "axis": "y", "origin": [4, 18, 7]},
			"faces": {
				"north": {"uv": [0.54839, 6.5, 4.05645, 12], "texture": "#0"},
				"east": {"uv": [3.78226, 3.05769, 14.32258, 11.23077], "texture": "#0"},
				"south": {"uv": [1.5, 4, 7.75, 11.75], "texture": "#0"},
				"west": {"uv": [2.75, 4.25, 5, 8], "texture": "#0"},
				"up": {"uv": [16, 14.5, 2.75, 0.25], "texture": "#0"},
				"down": {"uv": [16, 5.75, 3.5, 16], "texture": "#0"}
			}
		},
		{
			"from": [7, 18, 1.8],
			"to": [8, 19, 2.8],
			"rotation": {"angle": 0, "axis": "y", "origin": [4, 22, 7]},
			"faces": {
				"north": {"uv": [0.54839, 6.5, 4.05645, 12], "texture": "#0"},
				"east": {"uv": [3.78226, 3.05769, 14.32258, 11.23077], "texture": "#0"},
				"south": {"uv": [1.5, 4, 7.75, 11.75], "texture": "#0"},
				"west": {"uv": [2.75, 4.25, 5, 8], "texture": "#0"},
				"up": {"uv": [16, 14.5, 2.75, 0.25], "texture": "#0"},
				"down": {"uv": [16, 5.75, 3.5, 16], "texture": "#0"}
			}
		},
		{
			"from": [6, 17, 1.8],
			"to": [7, 18, 2.8],
			"rotation": {"angle": 0, "axis": "y", "origin": [3, 21, 7]},
			"faces": {
				"north": {"uv": [0.54839, 6.5, 4.05645, 12], "texture": "#0"},
				"east": {"uv": [3.78226, 3.05769, 14.32258, 11.23077], "texture": "#0"},
				"south": {"uv": [1.5, 4, 7.75, 11.75], "texture": "#0"},
				"west": {"uv": [2.75, 4.25, 5, 8], "texture": "#0"},
				"up": {"uv": [16, 14.5, 2.75, 0.25], "texture": "#0"},
				"down": {"uv": [16, 5.75, 3.5, 16], "texture": "#0"}
			}
		},
		{
			"from": [10, 16, 1.8],
			"to": [11, 17, 2.8],
			"rotation": {"angle": 0, "axis": "y", "origin": [7, 20, 7]},
			"faces": {
				"north": {"uv": [0.54839, 6.5, 4.05645, 12], "texture": "#0"},
				"east": {"uv": [3.78226, 3.05769, 14.32258, 11.23077], "texture": "#0"},
				"south": {"uv": [1.5, 4, 7.75, 11.75], "texture": "#0"},
				"west": {"uv": [2.75, 4.25, 5, 8], "texture": "#0"},
				"up": {"uv": [16, 14.5, 2.75, 0.25], "texture": "#0"},
				"down": {"uv": [16, 5.75, 3.5, 16], "texture": "#0"}
			}
		},
		{
			"from": [8, 16, 1.8],
			"to": [8.5, 17, 2.8],
			"rotation": {"angle": 0, "axis": "y", "origin": [5, 20, 7]},
			"faces": {
				"north": {"uv": [0.54839, 6.5, 4.05645, 12], "texture": "#0"},
				"east": {"uv": [3.78226, 3.05769, 14.32258, 11.23077], "texture": "#0"},
				"south": {"uv": [1.5, 4, 7.75, 11.75], "texture": "#0"},
				"west": {"uv": [2.75, 4.25, 5, 8], "texture": "#0"},
				"up": {"uv": [16, 14.5, 2.75, 0.25], "texture": "#0"},
				"down": {"uv": [16, 5.75, 3.5, 16], "texture": "#0"}
			}
		},
		{
			"from": [9, 17, 1.8],
			"to": [9.5, 18, 2.8],
			"rotation": {"angle": 0, "axis": "y", "origin": [6, 21, 7]},
			"faces": {
				"north": {"uv": [0.54839, 6.5, 4.05645, 12], "texture": "#0"},
				"east": {"uv": [3.78226, 3.05769, 14.32258, 11.23077], "texture": "#0"},
				"south": {"uv": [1.5, 4, 7.75, 11.75], "texture": "#0"},
				"west": {"uv": [2.75, 4.25, 5, 8], "texture": "#0"},
				"up": {"uv": [16, 14.5, 2.75, 0.25], "texture": "#0"},
				"down": {"uv": [16, 5.75, 3.5, 16], "texture": "#0"}
			}
		},
		{
			"from": [7, 17, 1.8],
			"to": [7.5, 18, 2.8],
			"rotation": {"angle": 0, "axis": "y", "origin": [4, 21, 7]},
			"faces": {
				"north": {"uv": [0.54839, 6.5, 4.05645, 12], "texture": "#0"},
				"east": {"uv": [3.78226, 3.05769, 14.32258, 11.23077], "texture": "#0"},
				"south": {"uv": [1.5, 4, 7.75, 11.75], "texture": "#0"},
				"west": {"uv": [2.75, 4.25, 5, 8], "texture": "#0"},
				"up": {"uv": [16, 14.5, 2.75, 0.25], "texture": "#0"},
				"down": {"uv": [16, 5.75, 3.5, 16], "texture": "#0"}
			}
		},
		{
			"from": [6, 15, 1.8],
			"to": [6.5, 16, 2.8],
			"rotation": {"angle": 0, "axis": "y", "origin": [3, 19, 7]},
			"faces": {
				"north": {"uv": [0.54839, 6.5, 4.05645, 12], "texture": "#0"},
				"east": {"uv": [3.78226, 3.05769, 14.32258, 11.23077], "texture": "#0"},
				"south": {"uv": [1.5, 4, 7.75, 11.75], "texture": "#0"},
				"west": {"uv": [2.75, 4.25, 5, 8], "texture": "#0"},
				"up": {"uv": [16, 14.5, 2.75, 0.25], "texture": "#0"},
				"down": {"uv": [16, 5.75, 3.5, 16], "texture": "#0"}
			}
		},
		{
			"from": [10, 17, 1.8],
			"to": [10.5, 18, 2.8],
			"rotation": {"angle": 0, "axis": "y", "origin": [7, 21, 7]},
			"faces": {
				"north": {"uv": [0.54839, 6.5, 4.05645, 12], "texture": "#0"},
				"east": {"uv": [3.78226, 3.05769, 14.32258, 11.23077], "texture": "#0"},
				"south": {"uv": [1.5, 4, 7.75, 11.75], "texture": "#0"},
				"west": {"uv": [2.75, 4.25, 5, 8], "texture": "#0"},
				"up": {"uv": [16, 14.5, 2.75, 0.25], "texture": "#0"},
				"down": {"uv": [16, 5.75, 3.5, 16], "texture": "#0"}
			}
		},
		{
			"from": [6, 16, 1.8],
			"to": [6.5, 17, 2.8],
			"rotation": {"angle": 0, "axis": "y", "origin": [3, 20, 7]},
			"faces": {
				"north": {"uv": [0.54839, 6.5, 4.05645, 12], "texture": "#0"},
				"east": {"uv": [3.78226, 3.05769, 14.32258, 11.23077], "texture": "#0"},
				"south": {"uv": [1.5, 4, 7.75, 11.75], "texture": "#0"},
				"west": {"uv": [2.75, 4.25, 5, 8], "texture": "#0"},
				"up": {"uv": [16, 14.5, 2.75, 0.25], "texture": "#0"},
				"down": {"uv": [16, 5.75, 3.5, 16], "texture": "#0"}
			}
		},
		{
			"from": [10, 15, 13.2],
			"to": [11, 16, 14.2],
			"rotation": {"angle": 0, "axis": "y", "origin": [7, 19, 19]},
			"faces": {
				"north": {"uv": [0.54839, 6.5, 4.05645, 12], "texture": "#0"},
				"east": {"uv": [3.78226, 3.05769, 14.32258, 11.23077], "texture": "#0"},
				"south": {"uv": [1.5, 4, 7.75, 11.75], "texture": "#0"},
				"west": {"uv": [2.75, 4.25, 5, 8], "texture": "#0"},
				"up": {"uv": [16, 14.5, 2.75, 0.25], "texture": "#0"},
				"down": {"uv": [16, 5.75, 3.5, 16], "texture": "#0"}
			}
		},
		{
			"from": [8, 16, 13.2],
			"to": [9, 17, 14.2],
			"rotation": {"angle": 0, "axis": "y", "origin": [5, 20, 19]},
			"faces": {
				"north": {"uv": [0.54839, 6.5, 4.05645, 12], "texture": "#0"},
				"east": {"uv": [3.78226, 3.05769, 14.32258, 11.23077], "texture": "#0"},
				"south": {"uv": [1.5, 4, 7.75, 11.75], "texture": "#0"},
				"west": {"uv": [2.75, 4.25, 5, 8], "texture": "#0"},
				"up": {"uv": [16, 14.5, 2.75, 0.25], "texture": "#0"},
				"down": {"uv": [16, 5.75, 3.5, 16], "texture": "#0"}
			}
		},
		{
			"from": [10.5, 15, 4],
			"to": [11.5, 18, 12],
			"rotation": {"angle": 0, "axis": "y", "origin": [7, 21, 9]},
			"faces": {
				"north": {"uv": [0.54839, 6.5, 4.05645, 12], "texture": "#0"},
				"east": {"uv": [3.78226, 3.05769, 14.32258, 11.23077], "texture": "#0"},
				"south": {"uv": [1.5, 4, 7.75, 11.75], "texture": "#0"},
				"west": {"uv": [2.75, 4.25, 5, 8], "texture": "#0"},
				"up": {"uv": [16, 14.5, 2.75, 0.25], "texture": "#0"},
				"down": {"uv": [16, 5.75, 3.5, 16], "texture": "#0"}
			}
		},
		{
			"from": [4.5, 14, 12],
			"to": [5.5, 19.5, 13],
			"rotation": {"angle": 0, "axis": "y", "origin": [1, 19, 17]},
			"faces": {
				"north": {"uv": [6.64516, 10.5, 10.15323, 15.25], "texture": "#0"},
				"east": {"uv": [10.26613, 7.82692, 16, 15.10577], "texture": "#0"},
				"south": {"uv": [4.5, 6, 10.75, 13.375], "texture": "#0"},
				"west": {"uv": [5.75, 6.25, 8, 9.625], "texture": "#0"},
				"up": {"uv": [16, 14.75, 2.75, 0.5], "texture": "#0"},
				"down": {"uv": [16, 5.75, 3.75, 16], "texture": "#0"}
			}
		},
		{
			"from": [4.5, 14, 3],
			"to": [5.5, 19.5, 4],
			"rotation": {"angle": 0, "axis": "y", "origin": [1, 19, 8]},
			"faces": {
				"north": {"uv": [8.67742, 10.5, 12.18548, 15.25], "texture": "#0"},
				"east": {"uv": [12.42742, 7.82692, 16, 15.10577], "texture": "#0"},
				"south": {"uv": [1, 6.25, 7.25, 13.625], "texture": "#0"},
				"west": {"uv": [2.25, 6.5, 4.5, 9.875], "texture": "#0"},
				"up": {"uv": [16, 15, 2.75, 0.75], "texture": "#0"},
				"down": {"uv": [16, 5.75, 4, 16], "texture": "#0"}
			}
		},
		{
			"from": [10.5, 14, 12],
			"to": [11.5, 19.5, 13],
			"rotation": {"angle": 0, "axis": "y", "origin": [7, 19, 17]},
			"faces": {
				"north": {"uv": [1.56452, 11, 5.07258, 15.75], "texture": "#0"},
				"east": {"uv": [4.8629, 8.42308, 15.40323, 15.70192], "texture": "#0"},
				"south": {"uv": [2, 6.25, 8.25, 13.625], "texture": "#0"},
				"west": {"uv": [3.25, 6.5, 5.5, 9.875], "texture": "#0"},
				"up": {"uv": [16, 15.25, 2.75, 1], "texture": "#0"},
				"down": {"uv": [16, 5.75, 4.25, 16], "texture": "#0"}
			}
		},
		{
			"from": [10.5, 14, 3],
			"to": [11.5, 19.5, 4],
			"rotation": {"angle": 0, "axis": "y", "origin": [7, 19, 8]},
			"faces": {
				"north": {"uv": [3.59677, 11, 7.10484, 15.75], "texture": "#0"},
				"east": {"uv": [7.02419, 8.42308, 16, 15.70192], "texture": "#0"},
				"south": {"uv": [3, 6.25, 9.25, 13.625], "texture": "#0"},
				"west": {"uv": [4.25, 6.5, 6.5, 9.875], "texture": "#0"},
				"up": {"uv": [14.75, 16, 1.5, 2.75], "texture": "#0"},
				"down": {"uv": [16, 5.75, 4.75, 16], "texture": "#0"}
			}
		},
		{
			"from": [4, 13, 2],
			"to": [5, 20, 3],
			"rotation": {"angle": 0, "axis": "y", "origin": [1, 19, 7]},
			"faces": {
				"north": {"uv": [5.62903, 7, 9.1371, 12.5], "texture": "#0"},
				"east": {"uv": [9.18548, 3.65385, 16, 11.82692], "texture": "#0"},
				"south": {"uv": [4, 4.25, 10.25, 12], "texture": "#0"},
				"west": {"uv": [5.25, 4.5, 7.5, 8.25], "texture": "#0"},
				"up": {"uv": [16, 16, 2.75, 1.75], "texture": "#0"},
				"down": {"uv": [16, 5.75, 5, 16], "texture": "#0"}
			}
		},
		{
			"from": [11, 13, 13],
			"to": [12, 20, 14],
			"rotation": {"angle": 0, "axis": "y", "origin": [8, 19, 18]},
			"faces": {
				"north": {"uv": [0, 9, 1.00806, 14.5], "texture": "#0"},
				"east": {"uv": [0.54032, 6.03846, 11.08065, 14.21154], "texture": "#0"},
				"south": {"uv": [0, 5.25, 6.25, 13], "texture": "#0"},
				"west": {"uv": [1.25, 5.5, 3.5, 9.25], "texture": "#0"},
				"up": {"uv": [16, 16, 2.75, 2], "texture": "#0"},
				"down": {"uv": [16, 5.75, 5.25, 16], "texture": "#0"}
			}
		},
		{
			"from": [11, 13, 2],
			"to": [12, 20, 3],
			"rotation": {"angle": 0, "axis": "y", "origin": [8, 19, 7]},
			"faces": {
				"north": {"uv": [0, 9, 3.04032, 14.5], "texture": "#0"},
				"east": {"uv": [2.70161, 6.03846, 13.24194, 14.21154], "texture": "#0"},
				"south": {"uv": [4.5, 4.25, 10.75, 12], "texture": "#0"},
				"west": {"uv": [5.75, 4.5, 8, 8.25], "texture": "#0"},
				"up": {"uv": [16, 16, 2.75, 2.25], "texture": "#0"},
				"down": {"uv": [16, 5.75, 5.5, 16], "texture": "#0"}
			}
		}
	],
	"display": {
		"thirdperson_righthand": {
			"translation": [0, 4.25, 1.25]
		},
		"thirdperson_lefthand": {
			"translation": [0, 4.25, 1]
		},
		"firstperson_righthand": {
			"rotation": [-16, -7, 0],
			"translation": [1.5, 1.75, -1.25],
			"scale": [1, 1.22, 1]
		},
		"firstperson_lefthand": {
			"rotation": [-16, -7, 0],
			"translation": [1.5, 1.75, -1.25],
			"scale": [1, 1.22, 1]
		},
		"ground": {
			"translation": [0, 3.5, 0]
		},
		"gui": {
			"rotation": [-90, 46, 90],
			"translation": [2.5, -2.5, 0],
			"scale": [0.8, 0.8, 0.8]
		},
		"head": {
			"rotation": [-90, 26, 90],
			"translation": [3.5, 9, -1.5]
		},
		"fixed": {
			"rotation": [0, 90, 0],
			"translation": [0, -1.5, 0]
		}
	},
	"groups": [
		{
			"name": "martillo",
			"origin": [8, 8, 8],
			"color": 0,
			"children": [
				{
					"name": "parte inferior",
					"origin": [8, 8, 8],
					"color": 0,
					"children": [0, 1]
				},
				{
					"name": "parte superior",
					"origin": [8, 8, 8],
					"color": 0,
					"children": [
						2,
						3,
						4,
						5,
						6,
						7,
						8,
						9,
						10,
						11,
						12,
						13,
						14,
						15,
						16,
						17,
						18,
						19,
						20,
						21,
						22,
						23,
						24,
						25,
						26,
						27,
						28,
						29,
						30,
						31,
						32,
						33,
						34,
						35,
						36,
						37,
						38,
						39,
						40,
						41,
						42,
						43,
						44,
						45,
						46,
						47,
						48,
						49,
						50,
						51,
						52,
						53,
						54
					]
				}
			]
		}
	]
}