{
	"format_version": "1.21.6",
	"credit": "Made with Blockbench",
	"parent": "diamond_sword",
	"textures": {
		"0": "GODFACE11:item/obsidian",
		"1": "GODFACE11:item/crying_obsidian",
		"2": "GODFACE11:item/crimson_stem",
		"3": "GODFACE11:item/polished_basalt_side",
		"particle": "GODFACE11:item/obsidian"
	},
	"elements": [
		{
			"name": "madera(Mango)",
			"from": [7, 1, 6.5],
			"to": [9, 5, 7.5],
			"rotation": {"angle": 0, "axis": "y", "origin": [7, 1, 6]},
			"faces": {
				"north": {"uv": [0, 0, 16, 16], "texture": "#2"},
				"east": {"uv": [1, 0, 16, 16], "texture": "#2"},
				"south": {"uv": [0, 0, 16, 16], "texture": "#2"},
				"west": {"uv": [0, 0, 16, 16], "texture": "#2"},
				"up": {"uv": [0, 0, 16, 16], "texture": "#2"},
				"down": {"uv": [0, 2, 16, 16], "texture": "#2"}
			}
		},
		{
			"name": "madera(Mango)",
			"from": [7, 1, 7.5],
			"to": [9, 5, 8.5],
			"rotation": {"angle": 0, "axis": "y", "origin": [7, 1, 6]},
			"faces": {
				"north": {"uv": [0, 0, 16, 16], "texture": "#2"},
				"east": {"uv": [0, 0, 16, 16], "texture": "#2"},
				"south": {"uv": [0, 0, 16, 16], "texture": "#2"},
				"west": {"uv": [1, 0, 16, 16], "texture": "#2"},
				"up": {"uv": [0, 2, 16, 16], "texture": "#2"},
				"down": {"uv": [0, 0, 16, 16], "texture": "#2"}
			}
		},
		{
			"from": [6.5, 5, 5],
			"to": [9.5, 7, 10],
			"rotation": {"angle": 0, "axis": "y", "origin": [7, 5, 6]},
			"faces": {
				"north": {"uv": [0, 0, 10, 6], "texture": "#1"},
				"east": {"uv": [0, 0, 10, 6], "texture": "#1"},
				"south": {"uv": [0, 0, 10, 6], "texture": "#1"},
				"west": {"uv": [0, 0, 10, 6], "texture": "#1"},
				"up": {"uv": [3, 6, 13, 12], "texture": "#1"},
				"down": {"uv": [3, 6, 13, 12], "texture": "#1"}
			}
		},
		{
			"from": [7.5, 7, 5.5],
			"to": [8.5, 21, 6.5],
			"rotation": {"angle": 0, "axis": "y", "origin": [7, 7, 7]},
			"faces": {
				"north": {"uv": [0, 0, 5, 16], "texture": "#3"},
				"east": {"uv": [0, 0, 5, 16], "texture": "#3"},
				"south": {"uv": [0, 0, 5, 16], "texture": "#3"},
				"west": {"uv": [0, 0, 5, 16], "texture": "#3"},
				"up": {"uv": [0, 0, 5, 5], "texture": "#3"},
				"down": {"uv": [0, 0, 2, 0], "texture": "#3"}
			}
		},
		{
			"from": [7, 7, 6.5],
			"to": [9, 21, 7.5],
			"rotation": {"angle": 0, "axis": "y", "origin": [7, 7, 7]},
			"faces": {
				"north": {"uv": [0, 0, 5, 16], "texture": "#3"},
				"east": {"uv": [0, 0, 5, 16], "texture": "#3"},
				"south": {"uv": [0, 0, 5, 16], "texture": "#3"},
				"west": {"uv": [0, 0, 5, 16], "texture": "#3"},
				"up": {"uv": [0, 0, 5, 5], "texture": "#3"},
				"down": {"uv": [0, 0, 2, 0], "texture": "#3"}
			}
		},
		{
			"from": [7, 7, 7.5],
			"to": [9, 21, 8.5],
			"rotation": {"angle": 0, "axis": "y", "origin": [7, 7, 7]},
			"faces": {
				"north": {"uv": [0, 0, 5, 16], "texture": "#3"},
				"east": {"uv": [0, 0, 5, 16], "texture": "#3"},
				"south": {"uv": [0, 0, 5, 16], "texture": "#3"},
				"west": {"uv": [0, 0, 5, 16], "texture": "#3"},
				"up": {"uv": [0, 0, 5, 5], "texture": "#3"},
				"down": {"uv": [0, 0, 2, 0], "texture": "#3"}
			}
		},
		{
			"from": [7.5, 7, 8.5],
			"to": [8.5, 21, 9.5],
			"rotation": {"angle": 0, "axis": "y", "origin": [7, 7, 7]},
			"faces": {
				"north": {"uv": [0, 0, 5, 16], "texture": "#3"},
				"east": {"uv": [0, 0, 5, 16], "texture": "#3"},
				"south": {"uv": [0, 0, 5, 16], "texture": "#3"},
				"west": {"uv": [0, 0, 5, 16], "texture": "#3"},
				"up": {"uv": [0, 0, 5, 5], "texture": "#3"},
				"down": {"uv": [0, 0, 2, 0], "texture": "#3"}
			}
		},
		{
			"from": [7.5, 21, 6],
			"to": [8.5, 25, 7],
			"rotation": {"angle": 0, "axis": "y", "origin": [7, 21, 6]},
			"faces": {
				"north": {"uv": [0, 0, 5, 16], "texture": "#3"},
				"east": {"uv": [0, 0, 5, 16], "texture": "#3"},
				"south": {"uv": [0, 0, 5, 16], "texture": "#3"},
				"west": {"uv": [0, 0, 5, 16], "texture": "#3"},
				"up": {"uv": [0, 0, 5, 5], "texture": "#3"},
				"down": {"uv": [0, 0, 2, 0], "texture": "#3"}
			}
		},
		{
			"from": [7, 21, 7],
			"to": [9, 25, 8],
			"rotation": {"angle": 0, "axis": "y", "origin": [7, 21, 6]},
			"faces": {
				"north": {"uv": [0, 0, 5, 16], "texture": "#3"},
				"east": {"uv": [0, 0, 5, 16], "texture": "#3"},
				"south": {"uv": [0, 0, 5, 16], "texture": "#3"},
				"west": {"uv": [0, 0, 5, 16], "texture": "#3"},
				"up": {"uv": [0, 0, 5, 5], "texture": "#3"},
				"down": {"uv": [0, 0, 2, 0], "texture": "#3"}
			}
		},
		{
			"from": [7.5, 25, 8],
			"to": [8.5, 29, 9],
			"rotation": {"angle": 0, "axis": "y", "origin": [7, 25, 6]},
			"faces": {
				"north": {"uv": [0, 0, 5, 16], "texture": "#3"},
				"east": {"uv": [0, 0, 5, 16], "texture": "#3"},
				"south": {"uv": [0, 0, 5, 16], "texture": "#3"},
				"west": {"uv": [0, 0, 5, 16], "texture": "#3"},
				"up": {"uv": [0, 0, 5, 5], "texture": "#3"},
				"down": {"uv": [0, 0, 2, 0], "texture": "#3"}
			}
		},
		{
			"from": [7.5, 25, 6],
			"to": [8.5, 29, 7],
			"rotation": {"angle": 0, "axis": "y", "origin": [7, 25, 6]},
			"faces": {
				"north": {"uv": [0, 0, 5, 16], "texture": "#3"},
				"east": {"uv": [0, 0, 5, 16], "texture": "#3"},
				"south": {"uv": [0, 0, 5, 16], "texture": "#3"},
				"west": {"uv": [0, 0, 5, 16], "texture": "#3"},
				"up": {"uv": [0, 0, 5, 5], "texture": "#3"},
				"down": {"uv": [0, 0, 2, 0], "texture": "#3"}
			}
		},
		{
			"from": [7, 25, 7],
			"to": [9, 29, 8],
			"rotation": {"angle": 0, "axis": "y", "origin": [7, 25, 6]},
			"faces": {
				"north": {"uv": [0, 0, 5, 16], "texture": "#3"},
				"east": {"uv": [0, 0, 5, 16], "texture": "#3"},
				"south": {"uv": [0, 0, 5, 16], "texture": "#3"},
				"west": {"uv": [0, 0, 5, 16], "texture": "#3"},
				"up": {"uv": [0, 0, 5, 5], "texture": "#3"},
				"down": {"uv": [0, 0, 2, 0], "texture": "#3"}
			}
		},
		{
			"from": [7.5, 28, 8],
			"to": [8.5, 32, 9],
			"rotation": {"angle": 0, "axis": "y", "origin": [7, 28, 6]},
			"faces": {
				"north": {"uv": [0, 0, 5, 16], "texture": "#3"},
				"east": {"uv": [0, 0, 5, 16], "texture": "#3"},
				"south": {"uv": [0, 0, 5, 16], "texture": "#3"},
				"west": {"uv": [0, 0, 5, 16], "texture": "#3"},
				"up": {"uv": [0, 0, 5, 5], "texture": "#3"},
				"down": {"uv": [0, 0, 2, 0], "texture": "#3"}
			}
		},
		{
			"from": [7.5, 28, 6],
			"to": [8.5, 32, 7],
			"rotation": {"angle": 0, "axis": "y", "origin": [7, 28, 6]},
			"faces": {
				"north": {"uv": [0, 0, 5, 16], "texture": "#3"},
				"east": {"uv": [0, 0, 5, 16], "texture": "#3"},
				"south": {"uv": [0, 0, 5, 16], "texture": "#3"},
				"west": {"uv": [0, 0, 5, 16], "texture": "#3"},
				"up": {"uv": [0, 0, 5, 5], "texture": "#3"},
				"down": {"uv": [0, 0, 2, 0], "texture": "#3"}
			}
		},
		{
			"from": [7, 28, 7],
			"to": [9, 32, 8],
			"rotation": {"angle": 0, "axis": "y", "origin": [7, 28, 6]},
			"faces": {
				"north": {"uv": [0, 0, 5, 16], "texture": "#3"},
				"east": {"uv": [0, 0, 5, 16], "texture": "#3"},
				"south": {"uv": [0, 0, 5, 16], "texture": "#3"},
				"west": {"uv": [0, 0, 5, 16], "texture": "#3"},
				"up": {"uv": [0, 0, 5, 5], "texture": "#3"},
				"down": {"uv": [0, 0, 2, 0], "texture": "#3"}
			}
		},
		{
			"from": [7.5, 21, 8],
			"to": [8.5, 25, 9],
			"rotation": {"angle": 0, "axis": "y", "origin": [7, 21, 6]},
			"faces": {
				"north": {"uv": [0, 0, 5, 16], "texture": "#3"},
				"east": {"uv": [0, 0, 5, 16], "texture": "#3"},
				"south": {"uv": [0, 0, 5, 16], "texture": "#3"},
				"west": {"uv": [0, 0, 5, 16], "texture": "#3"},
				"up": {"uv": [0, 0, 5, 5], "texture": "#3"},
				"down": {"uv": [0, 0, 5, 5], "texture": "#3"}
			}
		},
		{
			"from": [7.75, 25, 5.5],
			"to": [8.25, 26, 6],
			"rotation": {"angle": 0, "axis": "y", "origin": [7, 25, 5]},
			"faces": {
				"north": {"uv": [0, 0, 8, 16], "texture": "#0"},
				"east": {"uv": [0, 0, 8, 16], "texture": "#0"},
				"south": {"uv": [0, 0, 8, 16], "texture": "#0"},
				"west": {"uv": [0, 0, 8, 16], "texture": "#0"},
				"up": {"uv": [0, 0, 16, 16], "texture": "#0"},
				"down": {"uv": [0, 0, 11, 5], "texture": "#0"}
			}
		},
		{
			"from": [7.75, 27, 5.5],
			"to": [8.25, 28, 6],
			"rotation": {"angle": 0, "axis": "y", "origin": [7, 27, 5]},
			"faces": {
				"north": {"uv": [0, 0, 8, 16], "texture": "#0"},
				"east": {"uv": [0, 0, 8, 16], "texture": "#0"},
				"south": {"uv": [0, 0, 8, 16], "texture": "#0"},
				"west": {"uv": [0, 0, 8, 16], "texture": "#0"},
				"up": {"uv": [0, 0, 16, 16], "texture": "#0"},
				"down": {"uv": [0, 0, 11, 5], "texture": "#0"}
			}
		},
		{
			"from": [7.75, 25, 9],
			"to": [8.25, 26, 9.5],
			"rotation": {"angle": 0, "axis": "y", "origin": [7, 25, 7]},
			"faces": {
				"north": {"uv": [0, 0, 8, 16], "texture": "#0"},
				"east": {"uv": [0, 0, 8, 16], "texture": "#0"},
				"south": {"uv": [0, 0, 8, 16], "texture": "#0"},
				"west": {"uv": [0, 0, 8, 16], "texture": "#0"},
				"up": {"uv": [0, 0, 16, 16], "texture": "#0"},
				"down": {"uv": [0, 0, 11, 5], "texture": "#0"}
			}
		},
		{
			"from": [7.75, 27, 9],
			"to": [8.25, 28, 9.5],
			"rotation": {"angle": 0, "axis": "y", "origin": [7, 27, 9]},
			"faces": {
				"north": {"uv": [0, 0, 8, 16], "texture": "#0"},
				"east": {"uv": [0, 0, 8, 16], "texture": "#0"},
				"south": {"uv": [0, 0, 8, 16], "texture": "#0"},
				"west": {"uv": [0, 0, 8, 16], "texture": "#0"},
				"up": {"uv": [0, 0, 16, 16], "texture": "#0"},
				"down": {"uv": [0, 0, 11, 5], "texture": "#0"}
			}
		},
		{
			"from": [7.75, 29, 5.5],
			"to": [8.25, 30, 6],
			"rotation": {"angle": 0, "axis": "y", "origin": [7, 29, 5]},
			"faces": {
				"north": {"uv": [0, 0, 8, 16], "texture": "#0"},
				"east": {"uv": [0, 0, 8, 16], "texture": "#0"},
				"south": {"uv": [0, 0, 8, 16], "texture": "#0"},
				"west": {"uv": [0, 0, 8, 16], "texture": "#0"},
				"up": {"uv": [0, 0, 16, 16], "texture": "#0"},
				"down": {"uv": [0, 0, 11, 5], "texture": "#0"}
			}
		},
		{
			"from": [7.75, 31, 5.5],
			"to": [8.25, 32, 6],
			"rotation": {"angle": 0, "axis": "y", "origin": [7, 31, 5]},
			"faces": {
				"north": {"uv": [0, 0, 8, 16], "texture": "#0"},
				"east": {"uv": [0, 0, 8, 16], "texture": "#0"},
				"south": {"uv": [0, 0, 8, 16], "texture": "#0"},
				"west": {"uv": [0, 0, 8, 16], "texture": "#0"},
				"up": {"uv": [0, 0, 16, 16], "texture": "#0"},
				"down": {"uv": [0, 0, 11, 5], "texture": "#0"}
			}
		},
		{
			"from": [7.75, 29, 9],
			"to": [8.25, 30, 9.5],
			"rotation": {"angle": 0, "axis": "y", "origin": [7, 29, 7]},
			"faces": {
				"north": {"uv": [0, 0, 8, 16], "texture": "#0"},
				"east": {"uv": [0, 0, 8, 16], "texture": "#0"},
				"south": {"uv": [0, 0, 8, 16], "texture": "#0"},
				"west": {"uv": [0, 0, 8, 16], "texture": "#0"},
				"up": {"uv": [0, 0, 16, 16], "texture": "#0"},
				"down": {"uv": [0, 0, 11, 5], "texture": "#0"}
			}
		},
		{
			"from": [7.75, 31, 9],
			"to": [8.25, 32, 9.5],
			"rotation": {"angle": 0, "axis": "y", "origin": [7, 31, 9]},
			"faces": {
				"north": {"uv": [0, 0, 8, 16], "texture": "#0"},
				"east": {"uv": [0, 0, 8, 16], "texture": "#0"},
				"south": {"uv": [0, 0, 8, 16], "texture": "#0"},
				"west": {"uv": [0, 0, 8, 16], "texture": "#0"},
				"up": {"uv": [0, 0, 16, 16], "texture": "#0"},
				"down": {"uv": [0, 0, 11, 5], "texture": "#0"}
			}
		},
		{
			"from": [7.75, 11, 5],
			"to": [8.25, 12, 5.5],
			"rotation": {"angle": 0, "axis": "y", "origin": [7, 11, 5]},
			"faces": {
				"north": {"uv": [0, 0, 8, 16], "texture": "#0"},
				"east": {"uv": [0, 0, 8, 16], "texture": "#0"},
				"south": {"uv": [0, 0, 8, 16], "texture": "#0"},
				"west": {"uv": [0, 0, 8, 16], "texture": "#0"},
				"up": {"uv": [0, 0, 16, 16], "texture": "#0"},
				"down": {"uv": [0, 0, 11, 5], "texture": "#0"}
			}
		},
		{
			"from": [7, 11, 6],
			"to": [7.5, 12, 6.5],
			"rotation": {"angle": 0, "axis": "y", "origin": [6, 11, 6]},
			"faces": {
				"north": {"uv": [0, 0, 8, 16], "texture": "#0"},
				"east": {"uv": [0, 0, 8, 16], "texture": "#0"},
				"south": {"uv": [0, 0, 8, 16], "texture": "#0"},
				"west": {"uv": [0, 0, 8, 16], "texture": "#0"},
				"up": {"uv": [0, 0, 16, 16], "texture": "#0"},
				"down": {"uv": [0, 0, 11, 5], "texture": "#0"}
			}
		},
		{
			"from": [7, 13, 6],
			"to": [7.5, 14, 6.5],
			"rotation": {"angle": 0, "axis": "y", "origin": [6, 13, 6]},
			"faces": {
				"north": {"uv": [0, 0, 8, 16], "texture": "#0"},
				"east": {"uv": [0, 0, 8, 16], "texture": "#0"},
				"south": {"uv": [0, 0, 8, 16], "texture": "#0"},
				"west": {"uv": [0, 0, 8, 16], "texture": "#0"},
				"up": {"uv": [0, 0, 16, 16], "texture": "#0"},
				"down": {"uv": [0, 0, 11, 5], "texture": "#0"}
			}
		},
		{
			"from": [7, 15, 6],
			"to": [7.5, 16, 6.5],
			"rotation": {"angle": 0, "axis": "y", "origin": [6, 15, 6]},
			"faces": {
				"north": {"uv": [0, 0, 8, 16], "texture": "#0"},
				"east": {"uv": [0, 0, 8, 16], "texture": "#0"},
				"south": {"uv": [0, 0, 8, 16], "texture": "#0"},
				"west": {"uv": [0, 0, 8, 16], "texture": "#0"},
				"up": {"uv": [0, 0, 16, 16], "texture": "#0"},
				"down": {"uv": [0, 0, 11, 5], "texture": "#0"}
			}
		},
		{
			"from": [7, 17, 6],
			"to": [7.5, 18, 6.5],
			"rotation": {"angle": 0, "axis": "y", "origin": [6, 17, 6]},
			"faces": {
				"north": {"uv": [0, 0, 8, 16], "texture": "#0"},
				"east": {"uv": [0, 0, 8, 16], "texture": "#0"},
				"south": {"uv": [0, 0, 8, 16], "texture": "#0"},
				"west": {"uv": [0, 0, 8, 16], "texture": "#0"},
				"up": {"uv": [0, 0, 16, 16], "texture": "#0"},
				"down": {"uv": [0, 0, 11, 5], "texture": "#0"}
			}
		},
		{
			"from": [7, 19, 6],
			"to": [7.5, 20, 6.5],
			"rotation": {"angle": 0, "axis": "y", "origin": [6, 19, 6]},
			"faces": {
				"north": {"uv": [0, 0, 8, 16], "texture": "#0"},
				"east": {"uv": [0, 0, 8, 16], "texture": "#0"},
				"south": {"uv": [0, 0, 8, 16], "texture": "#0"},
				"west": {"uv": [0, 0, 8, 16], "texture": "#0"},
				"up": {"uv": [0, 0, 16, 16], "texture": "#0"},
				"down": {"uv": [0, 0, 11, 5], "texture": "#0"}
			}
		},
		{
			"from": [7, 9, 6],
			"to": [7.5, 10, 6.5],
			"rotation": {"angle": 0, "axis": "y", "origin": [6, 9, 6]},
			"faces": {
				"north": {"uv": [0, 0, 8, 16], "texture": "#0"},
				"east": {"uv": [0, 0, 8, 16], "texture": "#0"},
				"south": {"uv": [0, 0, 8, 16], "texture": "#0"},
				"west": {"uv": [0, 0, 8, 16], "texture": "#0"},
				"up": {"uv": [0, 0, 16, 16], "texture": "#0"},
				"down": {"uv": [0, 0, 11, 5], "texture": "#0"}
			}
		},
		{
			"from": [7, 7, 6],
			"to": [7.5, 8, 6.5],
			"rotation": {"angle": 0, "axis": "y", "origin": [6, 7, 6]},
			"faces": {
				"north": {"uv": [0, 0, 8, 16], "texture": "#0"},
				"east": {"uv": [0, 0, 8, 16], "texture": "#0"},
				"south": {"uv": [0, 0, 8, 16], "texture": "#0"},
				"west": {"uv": [0, 0, 8, 16], "texture": "#0"},
				"up": {"uv": [0, 0, 16, 16], "texture": "#0"},
				"down": {"uv": [0, 0, 11, 5], "texture": "#0"}
			}
		},
		{
			"from": [7.75, 13, 5],
			"to": [8.25, 14, 5.5],
			"rotation": {"angle": 0, "axis": "y", "origin": [7, 13, 5]},
			"faces": {
				"north": {"uv": [0, 0, 8, 16], "texture": "#0"},
				"east": {"uv": [0, 0, 8, 16], "texture": "#0"},
				"south": {"uv": [0, 0, 8, 16], "texture": "#0"},
				"west": {"uv": [0, 0, 8, 16], "texture": "#0"},
				"up": {"uv": [0, 0, 16, 16], "texture": "#0"},
				"down": {"uv": [0, 0, 11, 5], "texture": "#0"}
			}
		},
		{
			"from": [7.75, 15, 5],
			"to": [8.25, 16, 5.5],
			"rotation": {"angle": 0, "axis": "y", "origin": [7, 15, 5]},
			"faces": {
				"north": {"uv": [0, 0, 8, 16], "texture": "#0"},
				"east": {"uv": [0, 0, 8, 16], "texture": "#0"},
				"south": {"uv": [0, 0, 8, 16], "texture": "#0"},
				"west": {"uv": [0, 0, 8, 16], "texture": "#0"},
				"up": {"uv": [0, 0, 16, 16], "texture": "#0"},
				"down": {"uv": [0, 0, 11, 5], "texture": "#0"}
			}
		},
		{
			"from": [7.75, 17, 5],
			"to": [8.25, 18, 5.5],
			"rotation": {"angle": 0, "axis": "y", "origin": [7, 17, 5]},
			"faces": {
				"north": {"uv": [0, 0, 8, 16], "texture": "#0"},
				"east": {"uv": [0, 0, 8, 16], "texture": "#0"},
				"south": {"uv": [0, 0, 8, 16], "texture": "#0"},
				"west": {"uv": [0, 0, 8, 16], "texture": "#0"},
				"up": {"uv": [0, 0, 16, 16], "texture": "#0"},
				"down": {"uv": [0, 0, 11, 5], "texture": "#0"}
			}
		},
		{
			"from": [7.75, 19, 5],
			"to": [8.25, 20, 5.5],
			"rotation": {"angle": 0, "axis": "y", "origin": [7, 19, 5]},
			"faces": {
				"north": {"uv": [0, 0, 8, 16], "texture": "#0"},
				"east": {"uv": [0, 0, 8, 16], "texture": "#0"},
				"south": {"uv": [0, 0, 8, 16], "texture": "#0"},
				"west": {"uv": [0, 0, 8, 16], "texture": "#0"},
				"up": {"uv": [0, 0, 16, 16], "texture": "#0"},
				"down": {"uv": [0, 0, 11, 5], "texture": "#0"}
			}
		},
		{
			"from": [7.75, 19, 9.5],
			"to": [8.25, 20, 10],
			"rotation": {"angle": 0, "axis": "y", "origin": [7, 19, 9]},
			"faces": {
				"north": {"uv": [0, 0, 8, 16], "texture": "#0"},
				"east": {"uv": [0, 0, 8, 16], "texture": "#0"},
				"south": {"uv": [0, 0, 8, 16], "texture": "#0"},
				"west": {"uv": [0, 0, 8, 16], "texture": "#0"},
				"up": {"uv": [0, 0, 16, 16], "texture": "#0"},
				"down": {"uv": [0, 0, 11, 5], "texture": "#0"}
			}
		},
		{
			"from": [7.75, 17, 9.5],
			"to": [8.25, 18, 10],
			"rotation": {"angle": 0, "axis": "y", "origin": [7, 17, 9]},
			"faces": {
				"north": {"uv": [0, 0, 8, 16], "texture": "#0"},
				"east": {"uv": [0, 0, 8, 16], "texture": "#0"},
				"south": {"uv": [0, 0, 8, 16], "texture": "#0"},
				"west": {"uv": [0, 0, 8, 16], "texture": "#0"},
				"up": {"uv": [0, 0, 16, 16], "texture": "#0"},
				"down": {"uv": [0, 0, 11, 5], "texture": "#0"}
			}
		},
		{
			"from": [7.75, 15, 9.5],
			"to": [8.25, 16, 10],
			"rotation": {"angle": 0, "axis": "y", "origin": [7, 15, 9]},
			"faces": {
				"north": {"uv": [0, 0, 8, 16], "texture": "#0"},
				"east": {"uv": [0, 0, 8, 16], "texture": "#0"},
				"south": {"uv": [0, 0, 8, 16], "texture": "#0"},
				"west": {"uv": [0, 0, 8, 16], "texture": "#0"},
				"up": {"uv": [0, 0, 16, 16], "texture": "#0"},
				"down": {"uv": [0, 0, 11, 5], "texture": "#0"}
			}
		},
		{
			"from": [7.75, 13, 9.5],
			"to": [8.25, 14, 10],
			"rotation": {"angle": 0, "axis": "y", "origin": [7, 13, 9]},
			"faces": {
				"north": {"uv": [0, 0, 8, 16], "texture": "#0"},
				"east": {"uv": [0, 0, 8, 16], "texture": "#0"},
				"south": {"uv": [0, 0, 8, 16], "texture": "#0"},
				"west": {"uv": [0, 0, 8, 16], "texture": "#0"},
				"up": {"uv": [0, 0, 16, 16], "texture": "#0"},
				"down": {"uv": [0, 0, 11, 5], "texture": "#0"}
			}
		},
		{
			"from": [7.75, 11, 9.5],
			"to": [8.25, 12, 10],
			"rotation": {"angle": 0, "axis": "y", "origin": [7, 11, 9]},
			"faces": {
				"north": {"uv": [0, 0, 8, 16], "texture": "#0"},
				"east": {"uv": [0, 0, 8, 16], "texture": "#0"},
				"south": {"uv": [0, 0, 8, 16], "texture": "#0"},
				"west": {"uv": [0, 0, 8, 16], "texture": "#0"},
				"up": {"uv": [0, 0, 16, 16], "texture": "#0"},
				"down": {"uv": [0, 0, 11, 5], "texture": "#0"}
			}
		},
		{
			"from": [7, 11, 8.5],
			"to": [7.5, 12, 9],
			"rotation": {"angle": 0, "axis": "y", "origin": [6, 11, 8]},
			"faces": {
				"north": {"uv": [0, 0, 8, 16], "texture": "#0"},
				"east": {"uv": [0, 0, 8, 16], "texture": "#0"},
				"south": {"uv": [0, 0, 8, 16], "texture": "#0"},
				"west": {"uv": [0, 0, 8, 16], "texture": "#0"},
				"up": {"uv": [0, 0, 16, 16], "texture": "#0"},
				"down": {"uv": [0, 0, 11, 5], "texture": "#0"}
			}
		},
		{
			"from": [7, 9, 8.5],
			"to": [7.5, 10, 9],
			"rotation": {"angle": 0, "axis": "y", "origin": [6, 9, 8]},
			"faces": {
				"north": {"uv": [0, 0, 8, 16], "texture": "#0"},
				"east": {"uv": [0, 0, 8, 16], "texture": "#0"},
				"south": {"uv": [0, 0, 8, 16], "texture": "#0"},
				"west": {"uv": [0, 0, 8, 16], "texture": "#0"},
				"up": {"uv": [0, 0, 16, 16], "texture": "#0"},
				"down": {"uv": [0, 0, 11, 5], "texture": "#0"}
			}
		},
		{
			"from": [7, 7, 8.5],
			"to": [7.5, 8, 9],
			"rotation": {"angle": 0, "axis": "y", "origin": [6, 7, 8]},
			"faces": {
				"north": {"uv": [0, 0, 8, 16], "texture": "#0"},
				"east": {"uv": [0, 0, 8, 16], "texture": "#0"},
				"south": {"uv": [0, 0, 8, 16], "texture": "#0"},
				"west": {"uv": [0, 0, 8, 16], "texture": "#0"},
				"up": {"uv": [0, 0, 16, 16], "texture": "#0"},
				"down": {"uv": [0, 0, 11, 5], "texture": "#0"}
			}
		},
		{
			"from": [8.5, 7, 6],
			"to": [9, 8, 6.5],
			"rotation": {"angle": 0, "axis": "y", "origin": [8, 7, 6]},
			"faces": {
				"north": {"uv": [0, 0, 8, 16], "texture": "#0"},
				"east": {"uv": [0, 0, 8, 16], "texture": "#0"},
				"south": {"uv": [0, 0, 8, 16], "texture": "#0"},
				"west": {"uv": [0, 0, 8, 16], "texture": "#0"},
				"up": {"uv": [0, 0, 16, 16], "texture": "#0"},
				"down": {"uv": [0, 0, 11, 5], "texture": "#0"}
			}
		},
		{
			"from": [8.5, 9, 6],
			"to": [9, 10, 6.5],
			"rotation": {"angle": 0, "axis": "y", "origin": [8, 9, 6]},
			"faces": {
				"north": {"uv": [0, 0, 8, 16], "texture": "#0"},
				"east": {"uv": [0, 0, 8, 16], "texture": "#0"},
				"south": {"uv": [0, 0, 8, 16], "texture": "#0"},
				"west": {"uv": [0, 0, 8, 16], "texture": "#0"},
				"up": {"uv": [0, 0, 16, 16], "texture": "#0"},
				"down": {"uv": [0, 0, 11, 5], "texture": "#0"}
			}
		},
		{
			"from": [8.5, 11, 6],
			"to": [9, 12, 6.5],
			"rotation": {"angle": 0, "axis": "y", "origin": [8, 11, 6]},
			"faces": {
				"north": {"uv": [0, 0, 8, 16], "texture": "#0"},
				"east": {"uv": [0, 0, 8, 16], "texture": "#0"},
				"south": {"uv": [0, 0, 8, 16], "texture": "#0"},
				"west": {"uv": [0, 0, 8, 16], "texture": "#0"},
				"up": {"uv": [0, 0, 16, 16], "texture": "#0"},
				"down": {"uv": [0, 0, 11, 5], "texture": "#0"}
			}
		},
		{
			"from": [8.5, 13, 6],
			"to": [9, 14, 6.5],
			"rotation": {"angle": 0, "axis": "y", "origin": [8, 13, 6]},
			"faces": {
				"north": {"uv": [0, 0, 8, 16], "texture": "#0"},
				"east": {"uv": [0, 0, 8, 16], "texture": "#0"},
				"south": {"uv": [0, 0, 8, 16], "texture": "#0"},
				"west": {"uv": [0, 0, 8, 16], "texture": "#0"},
				"up": {"uv": [0, 0, 16, 16], "texture": "#0"},
				"down": {"uv": [0, 0, 11, 5], "texture": "#0"}
			}
		},
		{
			"from": [8.5, 15, 6],
			"to": [9, 16, 6.5],
			"rotation": {"angle": 0, "axis": "y", "origin": [8, 15, 6]},
			"faces": {
				"north": {"uv": [0, 0, 8, 16], "texture": "#0"},
				"east": {"uv": [0, 0, 8, 16], "texture": "#0"},
				"south": {"uv": [0, 0, 8, 16], "texture": "#0"},
				"west": {"uv": [0, 0, 8, 16], "texture": "#0"},
				"up": {"uv": [0, 0, 16, 16], "texture": "#0"},
				"down": {"uv": [0, 0, 11, 5], "texture": "#0"}
			}
		},
		{
			"from": [8.5, 17, 6],
			"to": [9, 18, 6.5],
			"rotation": {"angle": 0, "axis": "y", "origin": [8, 17, 6]},
			"faces": {
				"north": {"uv": [0, 0, 8, 16], "texture": "#0"},
				"east": {"uv": [0, 0, 8, 16], "texture": "#0"},
				"south": {"uv": [0, 0, 8, 16], "texture": "#0"},
				"west": {"uv": [0, 0, 8, 16], "texture": "#0"},
				"up": {"uv": [0, 0, 16, 16], "texture": "#0"},
				"down": {"uv": [0, 0, 11, 5], "texture": "#0"}
			}
		},
		{
			"from": [8.5, 19, 6],
			"to": [9, 20, 6.5],
			"rotation": {"angle": 0, "axis": "y", "origin": [8, 19, 6]},
			"faces": {
				"north": {"uv": [0, 0, 8, 16], "texture": "#0"},
				"east": {"uv": [0, 0, 8, 16], "texture": "#0"},
				"south": {"uv": [0, 0, 8, 16], "texture": "#0"},
				"west": {"uv": [0, 0, 8, 16], "texture": "#0"},
				"up": {"uv": [0, 0, 16, 16], "texture": "#0"},
				"down": {"uv": [0, 0, 11, 5], "texture": "#0"}
			}
		},
		{
			"from": [8.5, 22, 6.5],
			"to": [9, 23, 7],
			"rotation": {"angle": 0, "axis": "y", "origin": [8, 22, 6]},
			"faces": {
				"north": {"uv": [0, 0, 8, 16], "texture": "#0"},
				"east": {"uv": [0, 0, 8, 16], "texture": "#0"},
				"south": {"uv": [0, 0, 8, 16], "texture": "#0"},
				"west": {"uv": [0, 0, 8, 16], "texture": "#0"},
				"up": {"uv": [0, 0, 16, 16], "texture": "#0"},
				"down": {"uv": [0, 0, 11, 5], "texture": "#0"}
			}
		},
		{
			"from": [7, 22, 8],
			"to": [7.5, 23, 8.5],
			"rotation": {"angle": 0, "axis": "y", "origin": [6, 22, 8]},
			"faces": {
				"north": {"uv": [0, 0, 8, 16], "texture": "#0"},
				"east": {"uv": [0, 0, 8, 16], "texture": "#0"},
				"south": {"uv": [0, 0, 8, 16], "texture": "#0"},
				"west": {"uv": [0, 0, 8, 16], "texture": "#0"},
				"up": {"uv": [0, 0, 16, 16], "texture": "#0"},
				"down": {"uv": [0, 0, 11, 5], "texture": "#0"}
			}
		},
		{
			"from": [7, 24, 8],
			"to": [7.5, 25, 8.5],
			"rotation": {"angle": 0, "axis": "y", "origin": [6, 24, 8]},
			"faces": {
				"north": {"uv": [0, 0, 8, 16], "texture": "#0"},
				"east": {"uv": [0, 0, 8, 16], "texture": "#0"},
				"south": {"uv": [0, 0, 8, 16], "texture": "#0"},
				"west": {"uv": [0, 0, 8, 16], "texture": "#0"},
				"up": {"uv": [0, 0, 16, 16], "texture": "#0"},
				"down": {"uv": [0, 0, 11, 5], "texture": "#0"}
			}
		},
		{
			"from": [7, 26, 8],
			"to": [7.5, 27, 8.5],
			"rotation": {"angle": 0, "axis": "y", "origin": [6, 26, 8]},
			"faces": {
				"north": {"uv": [0, 0, 8, 16], "texture": "#0"},
				"east": {"uv": [0, 0, 8, 16], "texture": "#0"},
				"south": {"uv": [0, 0, 8, 16], "texture": "#0"},
				"west": {"uv": [0, 0, 8, 16], "texture": "#0"},
				"up": {"uv": [0, 0, 16, 16], "texture": "#0"},
				"down": {"uv": [0, 0, 11, 5], "texture": "#0"}
			}
		},
		{
			"from": [7, 28, 8],
			"to": [7.5, 29, 8.5],
			"rotation": {"angle": 0, "axis": "y", "origin": [6, 28, 8]},
			"faces": {
				"north": {"uv": [0, 0, 8, 16], "texture": "#0"},
				"east": {"uv": [0, 0, 8, 16], "texture": "#0"},
				"south": {"uv": [0, 0, 8, 16], "texture": "#0"},
				"west": {"uv": [0, 0, 8, 16], "texture": "#0"},
				"up": {"uv": [0, 0, 16, 16], "texture": "#0"},
				"down": {"uv": [0, 0, 11, 5], "texture": "#0"}
			}
		},
		{
			"from": [7, 30, 8],
			"to": [7.5, 31, 8.5],
			"rotation": {"angle": 0, "axis": "y", "origin": [6, 30, 8]},
			"faces": {
				"north": {"uv": [0, 0, 8, 16], "texture": "#0"},
				"east": {"uv": [0, 0, 8, 16], "texture": "#0"},
				"south": {"uv": [0, 0, 8, 16], "texture": "#0"},
				"west": {"uv": [0, 0, 8, 16], "texture": "#0"},
				"up": {"uv": [0, 0, 16, 16], "texture": "#0"},
				"down": {"uv": [0, 0, 11, 5], "texture": "#0"}
			}
		},
		{
			"from": [7, 26, 6.5],
			"to": [7.5, 27, 7],
			"rotation": {"angle": 0, "axis": "y", "origin": [6, 26, 6]},
			"faces": {
				"north": {"uv": [0, 0, 8, 16], "texture": "#0"},
				"east": {"uv": [0, 0, 8, 16], "texture": "#0"},
				"south": {"uv": [0, 0, 8, 16], "texture": "#0"},
				"west": {"uv": [0, 0, 8, 16], "texture": "#0"},
				"up": {"uv": [0, 0, 16, 16], "texture": "#0"},
				"down": {"uv": [0, 0, 11, 5], "texture": "#0"}
			}
		},
		{
			"from": [7, 28, 6.5],
			"to": [7.5, 29, 7],
			"rotation": {"angle": 0, "axis": "y", "origin": [6, 28, 6]},
			"faces": {
				"north": {"uv": [0, 0, 8, 16], "texture": "#0"},
				"east": {"uv": [0, 0, 8, 16], "texture": "#0"},
				"south": {"uv": [0, 0, 8, 16], "texture": "#0"},
				"west": {"uv": [0, 0, 8, 16], "texture": "#0"},
				"up": {"uv": [0, 0, 16, 16], "texture": "#0"},
				"down": {"uv": [0, 0, 11, 5], "texture": "#0"}
			}
		},
		{
			"from": [7, 30, 6.5],
			"to": [7.5, 31, 7],
			"rotation": {"angle": 0, "axis": "y", "origin": [6, 30, 6]},
			"faces": {
				"north": {"uv": [0, 0, 8, 16], "texture": "#0"},
				"east": {"uv": [0, 0, 8, 16], "texture": "#0"},
				"south": {"uv": [0, 0, 8, 16], "texture": "#0"},
				"west": {"uv": [0, 0, 8, 16], "texture": "#0"},
				"up": {"uv": [0, 0, 16, 16], "texture": "#0"},
				"down": {"uv": [0, 0, 11, 5], "texture": "#0"}
			}
		},
		{
			"from": [7, 24, 6.5],
			"to": [7.5, 25, 7],
			"rotation": {"angle": 0, "axis": "y", "origin": [6, 24, 6]},
			"faces": {
				"north": {"uv": [0, 0, 8, 16], "texture": "#0"},
				"east": {"uv": [0, 0, 8, 16], "texture": "#0"},
				"south": {"uv": [0, 0, 8, 16], "texture": "#0"},
				"west": {"uv": [0, 0, 8, 16], "texture": "#0"},
				"up": {"uv": [0, 0, 16, 16], "texture": "#0"},
				"down": {"uv": [0, 0, 11, 5], "texture": "#0"}
			}
		},
		{
			"from": [7, 22, 6.5],
			"to": [7.5, 23, 7],
			"rotation": {"angle": 0, "axis": "y", "origin": [6, 22, 6]},
			"faces": {
				"north": {"uv": [0, 0, 8, 16], "texture": "#0"},
				"east": {"uv": [0, 0, 8, 16], "texture": "#0"},
				"south": {"uv": [0, 0, 8, 16], "texture": "#0"},
				"west": {"uv": [0, 0, 8, 16], "texture": "#0"},
				"up": {"uv": [0, 0, 16, 16], "texture": "#0"},
				"down": {"uv": [0, 0, 11, 5], "texture": "#0"}
			}
		},
		{
			"from": [8.5, 24, 6.5],
			"to": [9, 25, 7],
			"rotation": {"angle": 0, "axis": "y", "origin": [8, 24, 6]},
			"faces": {
				"north": {"uv": [0, 0, 8, 16], "texture": "#0"},
				"east": {"uv": [0, 0, 8, 16], "texture": "#0"},
				"south": {"uv": [0, 0, 8, 16], "texture": "#0"},
				"west": {"uv": [0, 0, 8, 16], "texture": "#0"},
				"up": {"uv": [0, 0, 16, 16], "texture": "#0"},
				"down": {"uv": [0, 0, 11, 5], "texture": "#0"}
			}
		},
		{
			"from": [8.5, 26, 6.5],
			"to": [9, 27, 7],
			"rotation": {"angle": 0, "axis": "y", "origin": [8, 26, 6]},
			"faces": {
				"north": {"uv": [0, 0, 8, 16], "texture": "#0"},
				"east": {"uv": [0, 0, 8, 16], "texture": "#0"},
				"south": {"uv": [0, 0, 8, 16], "texture": "#0"},
				"west": {"uv": [0, 0, 8, 16], "texture": "#0"},
				"up": {"uv": [0, 0, 16, 16], "texture": "#0"},
				"down": {"uv": [0, 0, 11, 5], "texture": "#0"}
			}
		},
		{
			"from": [8.5, 28, 6.5],
			"to": [9, 29, 7],
			"rotation": {"angle": 0, "axis": "y", "origin": [8, 28, 6]},
			"faces": {
				"north": {"uv": [0, 0, 8, 16], "texture": "#0"},
				"east": {"uv": [0, 0, 8, 16], "texture": "#0"},
				"south": {"uv": [0, 0, 8, 16], "texture": "#0"},
				"west": {"uv": [0, 0, 8, 16], "texture": "#0"},
				"up": {"uv": [0, 0, 16, 16], "texture": "#0"},
				"down": {"uv": [0, 0, 11, 5], "texture": "#0"}
			}
		},
		{
			"from": [8.5, 30, 6.5],
			"to": [9, 31, 7],
			"rotation": {"angle": 0, "axis": "y", "origin": [8, 30, 6]},
			"faces": {
				"north": {"uv": [0, 0, 8, 16], "texture": "#0"},
				"east": {"uv": [0, 0, 8, 16], "texture": "#0"},
				"south": {"uv": [0, 0, 8, 16], "texture": "#0"},
				"west": {"uv": [0, 0, 8, 16], "texture": "#0"},
				"up": {"uv": [0, 0, 16, 16], "texture": "#0"},
				"down": {"uv": [0, 0, 11, 5], "texture": "#0"}
			}
		},
		{
			"from": [8.5, 30, 8],
			"to": [9, 31, 8.5],
			"rotation": {"angle": 0, "axis": "y", "origin": [8, 30, 8]},
			"faces": {
				"north": {"uv": [0, 0, 8, 16], "texture": "#0"},
				"east": {"uv": [0, 0, 8, 16], "texture": "#0"},
				"south": {"uv": [0, 0, 8, 16], "texture": "#0"},
				"west": {"uv": [0, 0, 8, 16], "texture": "#0"},
				"up": {"uv": [0, 0, 16, 16], "texture": "#0"},
				"down": {"uv": [0, 0, 11, 5], "texture": "#0"}
			}
		},
		{
			"from": [8.5, 28, 8],
			"to": [9, 29, 8.5],
			"rotation": {"angle": 0, "axis": "y", "origin": [8, 28, 8]},
			"faces": {
				"north": {"uv": [0, 0, 8, 16], "texture": "#0"},
				"east": {"uv": [0, 0, 8, 16], "texture": "#0"},
				"south": {"uv": [0, 0, 8, 16], "texture": "#0"},
				"west": {"uv": [0, 0, 8, 16], "texture": "#0"},
				"up": {"uv": [0, 0, 16, 16], "texture": "#0"},
				"down": {"uv": [0, 0, 11, 5], "texture": "#0"}
			}
		},
		{
			"from": [8.5, 26, 8],
			"to": [9, 27, 8.5],
			"rotation": {"angle": 0, "axis": "y", "origin": [8, 26, 8]},
			"faces": {
				"north": {"uv": [0, 0, 8, 16], "texture": "#0"},
				"east": {"uv": [0, 0, 8, 16], "texture": "#0"},
				"south": {"uv": [0, 0, 8, 16], "texture": "#0"},
				"west": {"uv": [0, 0, 8, 16], "texture": "#0"},
				"up": {"uv": [0, 0, 16, 16], "texture": "#0"},
				"down": {"uv": [0, 0, 11, 5], "texture": "#0"}
			}
		},
		{
			"from": [8.5, 24, 8],
			"to": [9, 25, 8.5],
			"rotation": {"angle": 0, "axis": "y", "origin": [8, 24, 8]},
			"faces": {
				"north": {"uv": [0, 0, 8, 16], "texture": "#0"},
				"east": {"uv": [0, 0, 8, 16], "texture": "#0"},
				"south": {"uv": [0, 0, 8, 16], "texture": "#0"},
				"west": {"uv": [0, 0, 8, 16], "texture": "#0"},
				"up": {"uv": [0, 0, 16, 16], "texture": "#0"},
				"down": {"uv": [0, 0, 11, 5], "texture": "#0"}
			}
		},
		{
			"from": [8.5, 22, 8],
			"to": [9, 23, 8.5],
			"rotation": {"angle": 0, "axis": "y", "origin": [8, 22, 8]},
			"faces": {
				"north": {"uv": [0, 0, 8, 16], "texture": "#0"},
				"east": {"uv": [0, 0, 8, 16], "texture": "#0"},
				"south": {"uv": [0, 0, 8, 16], "texture": "#0"},
				"west": {"uv": [0, 0, 8, 16], "texture": "#0"},
				"up": {"uv": [0, 0, 16, 16], "texture": "#0"},
				"down": {"uv": [0, 0, 11, 5], "texture": "#0"}
			}
		},
		{
			"from": [8.5, 19, 8.5],
			"to": [9, 20, 9],
			"rotation": {"angle": 0, "axis": "y", "origin": [8, 19, 8]},
			"faces": {
				"north": {"uv": [0, 0, 8, 16], "texture": "#0"},
				"east": {"uv": [0, 0, 8, 16], "texture": "#0"},
				"south": {"uv": [0, 0, 8, 16], "texture": "#0"},
				"west": {"uv": [0, 0, 8, 16], "texture": "#0"},
				"up": {"uv": [0, 0, 16, 16], "texture": "#0"},
				"down": {"uv": [0, 0, 11, 5], "texture": "#0"}
			}
		},
		{
			"from": [8.5, 17, 8.5],
			"to": [9, 18, 9],
			"rotation": {"angle": 0, "axis": "y", "origin": [8, 17, 8]},
			"faces": {
				"north": {"uv": [0, 0, 8, 16], "texture": "#0"},
				"east": {"uv": [0, 0, 8, 16], "texture": "#0"},
				"south": {"uv": [0, 0, 8, 16], "texture": "#0"},
				"west": {"uv": [0, 0, 8, 16], "texture": "#0"},
				"up": {"uv": [0, 0, 16, 16], "texture": "#0"},
				"down": {"uv": [0, 0, 11, 5], "texture": "#0"}
			}
		},
		{
			"from": [8.5, 15, 8.5],
			"to": [9, 16, 9],
			"rotation": {"angle": 0, "axis": "y", "origin": [8, 15, 8]},
			"faces": {
				"north": {"uv": [0, 0, 8, 16], "texture": "#0"},
				"east": {"uv": [0, 0, 8, 16], "texture": "#0"},
				"south": {"uv": [0, 0, 8, 16], "texture": "#0"},
				"west": {"uv": [0, 0, 8, 16], "texture": "#0"},
				"up": {"uv": [0, 0, 16, 16], "texture": "#0"},
				"down": {"uv": [0, 0, 11, 5], "texture": "#0"}
			}
		},
		{
			"from": [8.5, 13, 8.5],
			"to": [9, 14, 9],
			"rotation": {"angle": 0, "axis": "y", "origin": [8, 13, 8]},
			"faces": {
				"north": {"uv": [0, 0, 8, 16], "texture": "#0"},
				"east": {"uv": [0, 0, 8, 16], "texture": "#0"},
				"south": {"uv": [0, 0, 8, 16], "texture": "#0"},
				"west": {"uv": [0, 0, 8, 16], "texture": "#0"},
				"up": {"uv": [0, 0, 16, 16], "texture": "#0"},
				"down": {"uv": [0, 0, 11, 5], "texture": "#0"}
			}
		},
		{
			"from": [8.5, 11, 8.5],
			"to": [9, 12, 9],
			"rotation": {"angle": 0, "axis": "y", "origin": [8, 11, 8]},
			"faces": {
				"north": {"uv": [0, 0, 8, 16], "texture": "#0"},
				"east": {"uv": [0, 0, 8, 16], "texture": "#0"},
				"south": {"uv": [0, 0, 8, 16], "texture": "#0"},
				"west": {"uv": [0, 0, 8, 16], "texture": "#0"},
				"up": {"uv": [0, 0, 16, 16], "texture": "#0"},
				"down": {"uv": [0, 0, 11, 5], "texture": "#0"}
			}
		},
		{
			"from": [8.5, 9, 8.5],
			"to": [9, 10, 9],
			"rotation": {"angle": 0, "axis": "y", "origin": [8, 9, 8]},
			"faces": {
				"north": {"uv": [0, 0, 8, 16], "texture": "#0"},
				"east": {"uv": [0, 0, 8, 16], "texture": "#0"},
				"south": {"uv": [0, 0, 8, 16], "texture": "#0"},
				"west": {"uv": [0, 0, 8, 16], "texture": "#0"},
				"up": {"uv": [0, 0, 16, 16], "texture": "#0"},
				"down": {"uv": [0, 0, 16, 16], "texture": "#0"}
			}
		},
		{
			"from": [8.5, 7, 8.5],
			"to": [9, 8, 9],
			"rotation": {"angle": 0, "axis": "y", "origin": [8, 7, 8]},
			"faces": {
				"north": {"uv": [0, 0, 8, 16], "texture": "#0"},
				"east": {"uv": [0, 0, 8, 16], "texture": "#0"},
				"south": {"uv": [0, 0, 8, 16], "texture": "#0"},
				"west": {"uv": [0, 0, 8, 16], "texture": "#0"},
				"up": {"uv": [0, 0, 16, 16], "texture": "#0"},
				"down": {"uv": [0, 0, 11, 5], "texture": "#0"}
			}
		},
		{
			"from": [7, 13, 8.5],
			"to": [7.5, 14, 9],
			"rotation": {"angle": 0, "axis": "y", "origin": [6, 13, 8]},
			"faces": {
				"north": {"uv": [0, 0, 8, 16], "texture": "#0"},
				"east": {"uv": [0, 0, 8, 16], "texture": "#0"},
				"south": {"uv": [0, 0, 8, 16], "texture": "#0"},
				"west": {"uv": [0, 0, 8, 16], "texture": "#0"},
				"up": {"uv": [0, 0, 16, 16], "texture": "#0"},
				"down": {"uv": [0, 0, 11, 5], "texture": "#0"}
			}
		},
		{
			"from": [7, 15, 8.5],
			"to": [7.5, 16, 9],
			"rotation": {"angle": 0, "axis": "y", "origin": [6, 15, 8]},
			"faces": {
				"north": {"uv": [0, 0, 8, 16], "texture": "#0"},
				"east": {"uv": [0, 0, 8, 16], "texture": "#0"},
				"south": {"uv": [0, 0, 8, 16], "texture": "#0"},
				"west": {"uv": [0, 0, 8, 16], "texture": "#0"},
				"up": {"uv": [0, 0, 16, 16], "texture": "#0"},
				"down": {"uv": [0, 0, 11, 5], "texture": "#0"}
			}
		},
		{
			"from": [7, 17, 8.5],
			"to": [7.5, 18, 9],
			"rotation": {"angle": 0, "axis": "y", "origin": [6, 17, 8]},
			"faces": {
				"north": {"uv": [0, 0, 8, 16], "texture": "#0"},
				"east": {"uv": [0, 0, 8, 16], "texture": "#0"},
				"south": {"uv": [0, 0, 8, 16], "texture": "#0"},
				"west": {"uv": [0, 0, 8, 16], "texture": "#0"},
				"up": {"uv": [0, 0, 16, 16], "texture": "#0"},
				"down": {"uv": [0, 0, 11, 5], "texture": "#0"}
			}
		},
		{
			"from": [7, 19, 8.5],
			"to": [7.5, 20, 9],
			"rotation": {"angle": 0, "axis": "y", "origin": [6, 19, 8]},
			"faces": {
				"north": {"uv": [0, 0, 8, 16], "texture": "#0"},
				"east": {"uv": [0, 0, 8, 16], "texture": "#0"},
				"south": {"uv": [0, 0, 8, 16], "texture": "#0"},
				"west": {"uv": [0, 0, 8, 16], "texture": "#0"},
				"up": {"uv": [0, 0, 16, 16], "texture": "#0"},
				"down": {"uv": [0, 0, 11, 5], "texture": "#0"}
			}
		},
		{
			"from": [7.75, 9, 9.5],
			"to": [8.25, 10, 10],
			"rotation": {"angle": 0, "axis": "y", "origin": [7, 9, 9]},
			"faces": {
				"north": {"uv": [0, 0, 8, 16], "texture": "#0"},
				"east": {"uv": [0, 0, 8, 16], "texture": "#0"},
				"south": {"uv": [0, 0, 8, 16], "texture": "#0"},
				"west": {"uv": [0, 0, 8, 16], "texture": "#0"},
				"up": {"uv": [0, 0, 16, 16], "texture": "#0"},
				"down": {"uv": [0, 0, 11, 5], "texture": "#0"}
			}
		},
		{
			"from": [7.75, 7, 9.5],
			"to": [8.25, 8, 10],
			"rotation": {"angle": 0, "axis": "y", "origin": [7, 7, 9]},
			"faces": {
				"north": {"uv": [0, 0, 8, 16], "texture": "#0"},
				"east": {"uv": [0, 0, 8, 16], "texture": "#0"},
				"south": {"uv": [0, 0, 8, 16], "texture": "#0"},
				"west": {"uv": [0, 0, 8, 16], "texture": "#0"},
				"up": {"uv": [0, 0, 16, 16], "texture": "#0"},
				"down": {"uv": [0, 0, 11, 5], "texture": "#0"}
			}
		},
		{
			"from": [7.75, 7, 5],
			"to": [8.25, 8, 5.5],
			"rotation": {"angle": 0, "axis": "y", "origin": [7, 7, 5]},
			"faces": {
				"north": {"uv": [0, 0, 8, 16], "texture": "#0"},
				"east": {"uv": [0, 0, 8, 16], "texture": "#0"},
				"south": {"uv": [0, 0, 8, 16], "texture": "#0"},
				"west": {"uv": [0, 0, 8, 16], "texture": "#0"},
				"up": {"uv": [0, 0, 16, 16], "texture": "#0"},
				"down": {"uv": [0, 0, 11, 5], "texture": "#0"}
			}
		},
		{
			"from": [7.75, 9, 5],
			"to": [8.25, 10, 5.5],
			"rotation": {"angle": 0, "axis": "y", "origin": [7, 9, 5]},
			"faces": {
				"north": {"uv": [0, 0, 8, 16], "texture": "#0"},
				"east": {"uv": [0, 0, 8, 16], "texture": "#0"},
				"south": {"uv": [0, 0, 8, 16], "texture": "#0"},
				"west": {"uv": [0, 0, 8, 16], "texture": "#0"},
				"up": {"uv": [0, 0, 16, 16], "texture": "#0"},
				"down": {"uv": [0, 0, 11, 5], "texture": "#0"}
			}
		},
		{
			"from": [7.75, 21, 5.5],
			"to": [8.25, 22, 6],
			"rotation": {"angle": 0, "axis": "y", "origin": [7, 21, 5]},
			"faces": {
				"north": {"uv": [0, 0, 8, 16], "texture": "#0"},
				"east": {"uv": [0, 0, 8, 16], "texture": "#0"},
				"south": {"uv": [0, 0, 8, 16], "texture": "#0"},
				"west": {"uv": [0, 0, 8, 16], "texture": "#0"},
				"up": {"uv": [0, 0, 16, 16], "texture": "#0"},
				"down": {"uv": [0, 0, 11, 5], "texture": "#0"}
			}
		},
		{
			"from": [7.75, 23, 5.5],
			"to": [8.25, 24, 6],
			"rotation": {"angle": 0, "axis": "y", "origin": [7, 23, 5]},
			"faces": {
				"north": {"uv": [0, 0, 8, 16], "texture": "#0"},
				"east": {"uv": [0, 0, 8, 16], "texture": "#0"},
				"south": {"uv": [0, 0, 8, 16], "texture": "#0"},
				"west": {"uv": [0, 0, 8, 16], "texture": "#0"},
				"up": {"uv": [0, 0, 16, 16], "texture": "#0"},
				"down": {"uv": [0, 0, 11, 5], "texture": "#0"}
			}
		},
		{
			"from": [7.75, 21, 9],
			"to": [8.25, 22, 9.5],
			"rotation": {"angle": 0, "axis": "y", "origin": [7, 21, 7]},
			"faces": {
				"north": {"uv": [0, 0, 8, 16], "texture": "#0"},
				"east": {"uv": [0, 0, 8, 16], "texture": "#0"},
				"south": {"uv": [0, 0, 8, 16], "texture": "#0"},
				"west": {"uv": [0, 0, 8, 16], "texture": "#0"},
				"up": {"uv": [0, 0, 16, 16], "texture": "#0"},
				"down": {"uv": [0, 0, 11, 5], "texture": "#0"}
			}
		},
		{
			"from": [7.75, 23, 9],
			"to": [8.25, 24, 9.5],
			"rotation": {"angle": 0, "axis": "y", "origin": [7, 23, 9]},
			"faces": {
				"north": {"uv": [0, 0, 8, 16], "texture": "#0"},
				"east": {"uv": [0, 0, 8, 16], "texture": "#0"},
				"south": {"uv": [0, 0, 8, 16], "texture": "#0"},
				"west": {"uv": [0, 0, 8, 16], "texture": "#0"},
				"up": {"uv": [0, 0, 16, 16], "texture": "#0"},
				"down": {"uv": [0, 0, 16, 16], "texture": "#0"}
			}
		}
	],
	"display": {
		"thirdperson_righthand": {
			"translation": [0, 3.25, 2]
		},
		"thirdperson_lefthand": {
			"translation": [0, 3.5, 2.25]
		},
		"firstperson_righthand": {
			"rotation": [-40, 0, 0],
			"translation": [0.5, 2, -1.5],
			"scale": [1, 1.13, 1.09]
		},
		"firstperson_lefthand": {
			"rotation": [-40, 0, 0],
			"translation": [1.25, 1.5, -1.5],
			"scale": [1, 1.13, 1.09]
		},
		"ground": {
			"rotation": [19, 0, 0],
			"translation": [0, 2.25, 0]
		},
		"gui": {
			"rotation": [-90, 45.25, 90],
			"translation": [4, -3.5, 0],
			"scale": [0.75, 0.75, 0.75]
		},
		"head": {
			"rotation": [-180, 0, 0],
			"translation": [0, 14, -0.25]
		},
		"fixed": {
			"rotation": [0, 90, 0],
			"translation": [0, -2.75, 0]
		}
	},
	"groups": [
		{
			"name": "Mango",
			"origin": [8, 8, 8],
			"color": 0,
			"children": [0, 1, 2]
		},
		{
			"name": "Filo",
			"origin": [8, 8, 8],
			"color": 0,
			"children": [3, 4, 5, 6, 7, 8, 9, 10, 11, 12, 13, 14, 15]
		},
		{
			"name": "Decoracion",
			"origin": [8, 8, 8],
			"color": 0,
			"children": [
				16,
				17,
				18,
				19,
				20,
				21,
				22,
				23,
				24,
				25,
				26,
				27,
				28,
				29,
				30,
				31,
				32,
				33,
				34,
				35,
				36,
				37,
				38,
				39,
				40,
				41,
				42,
				43,
				44,
				45,
				46,
				47,
				48,
				49,
				50,
				51,
				52,
				53,
				54,
				55,
				56,
				57,
				58,
				59,
				60,
				61,
				62,
				63,
				64,
				65,
				66,
				67,
				68,
				69,
				70,
				71,
				72,
				73,
				74,
				75,
				76,
				77,
				78,
				79,
				80,
				81,
				82,
				83,
				84,
				85,
				86,
				87,
				88,
				89
			]
		}
	]
}